material_id,formula_pretty,nsites,elements,composition,density,volume,symmetry,bulk_modulus_gpa,shear_modulus_gpa,universal_anisotropy,homogeneous_poisson,structure
mp-1524357,BiPO4,12,"[{""@module"": ""pymatgen.core.periodic_table"", ""@class"": ""Element"", ""element"": ""Bi""}, {""@module"": ""pymatgen.core.periodic_table"", ""@class"": ""Element"", ""element"": ""O""}, {""@module"": ""pymatgen.core.periodic_table"", ""@class"": ""Element"", ""element"": ""P""}]","{""Bi"": 2.0, ""P"": 2.0, ""O"": 8.0}",6.351490670858067,158.93080916700347,"{""crystal_system"": ""Orthorhombic"", ""symbol"": ""Cmcm"", ""hall"": ""-C 2c 2"", ""number"": 63, ""point_group"": ""mmm"", ""symprec"": 0.1, ""angle_tolerance"": 5.0, ""version"": ""2.7.0""}",71.431,40.169,2.7720000000000002,0.263,"{""lattice_matrix"": [[4.71724782, 0.04211892, 0.0], [-0.48611631, 4.69652643, 0.0], [0.0, 0.0, 7.16706684]], ""a"": 4.71743584998426, ""b"": 4.7216172626057435, ""c"": 7.16706684, ""alpha"": 90.0, ""beta"": 90.0, ""gamma"": 95.39782141390067, ""volume"": 158.93080916700347, ""atoms"": [{""element"": ""Bi"", ""fractional_coordinates"": [0.86633662, 0.86381993, 0.49994199], ""cartesian_coordinates"": [3.6668075752051106, 4.0934422947966, 3.5831176584526117]}, {""element"": ""Bi"", ""fractional_coordinates"": [0.13366338, 0.13618007, 0.99994199], ""cartesian_coordinates"": [0.56432393479489, 0.6452030552033996, 7.166651078452611]}, {""element"": ""P"", ""fractional_coordinates"": [0.34565109, 0.34165564, 0.50001336], ""cartesian_coordinates"": [1.4644374717756354, 1.6191531938261878, 3.5836291720129823]}, {""element"": ""P"", ""fractional_coordinates"": [0.65434891, 0.65834436, 1.336e-05], ""cartesian_coordinates"": [2.7666940382243643, 3.1194921561738114, 9.575201298240001e-05]}, {""element"": ""O"", ""fractional_coordinates"": [0.1926128, 0.18849952, 0.33200551], ""cartesian_coordinates"": [0.8169696198049248, 0.8934056208364896, 2.3795056814182884]}, {""element"": ""O"", ""fractional_coordinates"": [0.68700523, 0.33888556, 0.99998695], ""cartesian_coordinates"": [3.076036125606615, 1.6205209076073022, 7.166973309777739]}, {""element"": ""O"", ""fractional_coordinates"": [0.8073872, 0.81150048, 0.83200551], ""cartesian_coordinates"": [3.414161890195075, 3.84523972916351, 5.963039101418289]}, {""element"": ""O"", ""fractional_coordinates"": [0.80725311, 0.81144248, 0.16809728], ""cartesian_coordinates"": [3.4135575491808714, 3.844961682904587, 1.2047644413821952]}, {""element"": ""O"", ""fractional_coordinates"": [0.19274689, 0.18855752, 0.66809728], ""cartesian_coordinates"": [0.8175739608191286, 0.8936836670954124, 4.788297861382196]}, {""element"": ""O"", ""fractional_coordinates"": [0.31299477, 0.66111444, 0.49998695], ""cartesian_coordinates"": [1.1550953843933849, 3.118124442392697, 3.583439889777738]}, {""element"": ""O"", ""fractional_coordinates"": [0.66554872, 0.30919497, 0.49995592], ""cartesian_coordinates"": [2.9892535306368293, 1.4801745419218395, 3.583217495693693]}, {""element"": ""O"", ""fractional_coordinates"": [0.33445128, 0.69080503, 0.99995592], ""cartesian_coordinates"": [1.2418779793631702, 3.2584708080781604, 7.166750915693693]}]}"
mp-1524551,Zn3N2,20,"[{""@module"": ""pymatgen.core.periodic_table"", ""@class"": ""Element"", ""element"": ""N""}, {""@module"": ""pymatgen.core.periodic_table"", ""@class"": ""Element"", ""element"": ""Zn""}]","{""Zn"": 12.0, ""N"": 8.0}",6.366349509579641,233.95507549181636,"{""crystal_system"": ""Hexagonal"", ""symbol"": ""P6_3/mmc"", ""hall"": ""-P 6c 2c"", ""number"": 194, ""point_group"": ""mmm"", ""symprec"": 0.1, ""angle_tolerance"": 5.0, ""version"": ""2.7.0""}",132.434,56.294,0.199,0.314,"{""lattice_matrix"": [[3.36980856, -0.0, 0.0], [0.0, 5.83942677, 0.0], [0.0, 0.0, 11.88932026]], ""a"": 3.36980856, ""b"": 5.83942677, ""c"": 11.88932026, ""alpha"": 90.0, ""beta"": 90.0, ""gamma"": 90.0, ""volume"": 233.95507549181636, ""atoms"": [{""element"": ""Zn"", ""fractional_coordinates"": [0.75, 0.08339453, 0.07900494], ""cartesian_coordinates"": [2.5273564200000003, 0.4869762509535681, 0.9393150337820844]}, {""element"": ""Zn"", ""fractional_coordinates"": [0.75, 0.41660547, 0.57900494], ""cartesian_coordinates"": [2.5273564200000003, 2.4327371340464317, 6.883975163782084]}, {""element"": ""Zn"", ""fractional_coordinates"": [0.75, 0.75120575, 0.24969405], ""cartesian_coordinates"": [2.5273564200000003, 4.386610966327928, 2.968692527466453]}, {""element"": ""Zn"", ""fractional_coordinates"": [0.75, 0.08290289, 0.4209533], ""cartesian_coordinates"": [2.5273564200000003, 0.4841053551763654, 5.004848598203858]}, {""element"": ""Zn"", ""fractional_coordinates"": [0.75, 0.74879425, 0.74969405], ""cartesian_coordinates"": [2.5273564200000003, 4.372529188672073, 8.913352657466453]}, {""element"": ""Zn"", ""fractional_coordinates"": [0.75, 0.41709711, 0.9209533], ""cartesian_coordinates"": [2.5273564200000003, 2.435608029823635, 10.949508728203858]}, {""element"": ""Zn"", ""fractional_coordinates"": [0.25, 0.58290289, 0.0790467], ""cartesian_coordinates"": [0.84245214, 3.4038187401763653, 0.939811531796142]}, {""element"": ""Zn"", ""fractional_coordinates"": [0.25, 0.91660547, 0.92099506], ""cartesian_coordinates"": [0.84245214, 5.352450519046433, 10.950005226217915]}, {""element"": ""Zn"", ""fractional_coordinates"": [0.25, 0.25120575, 0.25030595], ""cartesian_coordinates"": [0.84245214, 1.4668975813279277, 2.975967602533547]}, {""element"": ""Zn"", ""fractional_coordinates"": [0.25, 0.24879425, 0.75030595], ""cartesian_coordinates"": [0.84245214, 1.4528158036720724, 8.920627732533546]}, {""element"": ""Zn"", ""fractional_coordinates"": [0.25, 0.91709711, 0.5790467], ""cartesian_coordinates"": [0.84245214, 5.355321414823635, 6.884471661796142]}, {""element"": ""Zn"", ""fractional_coordinates"": [0.25, 0.58339453, 0.42099506], ""cartesian_coordinates"": [0.84245214, 3.406689635953568, 5.005345096217916]}, {""element"": ""N"", ""fractional_coordinates"": [0.75, 0.08437409, 0.24991694], ""cartesian_coordinates"": [2.5273564200000003, 0.4926963198403893, 2.9713425380592042]}, {""element"": ""N"", ""fractional_coordinates"": [0.75, 0.74982504, 0.00010382], ""cartesian_coordinates"": [2.5273564200000003, 4.378548411392321, 0.0012343492293932]}, {""element"": ""N"", ""fractional_coordinates"": [0.75, 0.41562591, 0.74991694], ""cartesian_coordinates"": [2.5273564200000003, 2.427017065159611, 8.916002668059203]}, {""element"": ""N"", ""fractional_coordinates"": [0.75, 0.75017496, 0.50010382], ""cartesian_coordinates"": [2.5273564200000003, 4.380591743607679, 5.945894479229393]}, {""element"": ""N"", ""fractional_coordinates"": [0.25, 0.58437409, 0.25008306], ""cartesian_coordinates"": [0.84245214, 3.412409704840389, 2.9733175919407957]}, {""element"": ""N"", ""fractional_coordinates"": [0.25, 0.91562591, 0.75008306], ""cartesian_coordinates"": [0.84245214, 5.346730450159611, 8.917977721940796]}, {""element"": ""N"", ""fractional_coordinates"": [0.25, 0.24982504, 0.49989618], ""cartesian_coordinates"": [0.84245214, 1.4588350263923209, 5.943425780770607]}, {""element"": ""N"", ""fractional_coordinates"": [0.25, 0.25017496, -0.00010382], ""cartesian_coordinates"": [0.84245214, 1.4608783586076792, -0.0012343492293932]}]}"
mp-1536913,HF,4,"[{""@module"": ""pymatgen.core.periodic_table"", ""@class"": ""Element"", ""element"": ""F""}, {""@module"": ""pymatgen.core.periodic_table"", ""@class"": ""Element"", ""element"": ""H""}]","{""H"": 2.0, ""F"": 2.0}",1.9477929939506622,34.11175069732638,"{""crystal_system"": ""Orthorhombic"", ""symbol"": ""Cmcm"", ""hall"": ""-C 2c 2"", ""number"": 63, ""point_group"": ""mmm"", ""symprec"": 0.1, ""angle_tolerance"": 5.0, ""version"": ""2.7.0""}",9.779,-24.614,-4.26,8.317,"{""lattice_matrix"": [[1.44398218, -2.19057986, 0.0], [1.44398218, 2.19057986, 0.0], [0.0, 0.0, 5.3920398]], ""a"": 2.623685320154681, ""b"": 2.623685320154681, ""c"": 5.3920398, ""alpha"": 90.0, ""beta"": 90.0, ""gamma"": 113.21601089304448, ""volume"": 34.11175069732638, ""atoms"": [{""element"": ""H"", ""fractional_coordinates"": [0.57172857, 0.42827143, 0.57927804], ""cartesian_coordinates"": [1.44398218, -0.3142543216572004, 3.1234902469459924]}, {""element"": ""H"", ""fractional_coordinates"": [0.42827143, 0.57172857, 0.07927804], ""cartesian_coordinates"": [1.44398218, 0.3142543216572004, 0.42747034694599195]}, {""element"": ""F"", ""fractional_coordinates"": [0.35543674, 0.64456326, 0.58272196], ""cartesian_coordinates"": [1.44398218, 0.6333547317038872, 3.142060000654008]}, {""element"": ""F"", ""fractional_coordinates"": [0.64456326, 0.35543674, 0.08272196], ""cartesian_coordinates"": [1.4439821799999997, -0.6333547317038872, 0.446040100654008]}]}"
mp-1537871,Ag2S,6,"[{""@module"": ""pymatgen.core.periodic_table"", ""@class"": ""Element"", ""element"": ""Ag""}, {""@module"": ""pymatgen.core.periodic_table"", ""@class"": ""Element"", ""element"": ""S""}]","{""Ag"": 4.0, ""S"": 2.0}",6.675568034223078,123.28056696405524,"{""crystal_system"": ""Orthorhombic"", ""symbol"": ""Cmcm"", ""hall"": ""-C 2c 2"", ""number"": 63, ""point_group"": ""mmm"", ""symprec"": 0.1, ""angle_tolerance"": 5.0, ""version"": ""2.7.0""}",28.202,8.147,2.842,0.368,"{""lattice_matrix"": [[2.36127037, 3.51139386, -0.02098565], [-2.36127037, 3.51139386, -0.02098565], [-0.0, 0.05859009, 7.43393755]], ""a"": 4.231539317765057, ""b"": 4.231539317765057, ""c"": 7.434168433385553, ""alpha"": 89.90943025049455, ""beta"": 89.90943025049455, ""gamma"": 67.83752493215093, ""volume"": 123.28056696405524, ""atoms"": [{""element"": ""Ag"", ""fractional_coordinates"": [-0.00041291, -0.00041291, 0.49894454], ""cartesian_coordinates"": [2.0715734660257945e-20, 0.0263334262261434, 3.70913988164296]}, {""element"": ""Ag"", ""fractional_coordinates"": [0.60213227, 0.60213227, 0.7487184], ""cartesian_coordinates"": [-5.13245707943554e-17, 4.27251459001238, 5.540653553992069]}, {""element"": ""Ag"", ""fractional_coordinates"": [0.39492302, 0.39492302, 0.2511357], ""cartesian_coordinates"": [-1.377671410972994e-17, 2.7881745984665276, 1.850351677826209]}, {""element"": ""Ag"", ""fractional_coordinates"": [0.99733787, 0.99733787, 0.99904353], ""cartesian_coordinates"": [1.9927368164902646e-16, 7.062626196463573, 7.3849676448084205]}, {""element"": ""S"", ""fractional_coordinates"": [0.77947132, 0.77947132, 0.24995048], ""cartesian_coordinates"": [-1.0208288619074318e-17, 5.488706235306933, 1.825400834299408]}, {""element"": ""S"", ""fractional_coordinates"": [0.21748943, 0.21748943, 0.74923534], ""cartesian_coordinates"": [7.190868039418062e-18, 1.5712798642355803, 5.560640413699658]}]}"
mp-1539317,Ta2O5,14,"[{""@module"": ""pymatgen.core.periodic_table"", ""@class"": ""Element"", ""element"": ""O""}, {""@module"": ""pymatgen.core.periodic_table"", ""@class"": ""Element"", ""element"": ""Ta""}]","{""Ta"": 4.0, ""O"": 10.0}",7.564873681773962,193.99668074320508,"{""crystal_system"": ""Orthorhombic"", ""symbol"": ""Pmmn"", ""hall"": ""P 2 2ab -1ab"", ""number"": 59, ""point_group"": ""mmm"", ""symprec"": 0.1, ""angle_tolerance"": 5.0, ""version"": ""2.7.0""}",194.214,59.754,2.541,0.36,"{""lattice_matrix"": [[3.84085413, -2e-06, 1.01e-06], [2e-06, 3.87416451, -0.00010527], [5.02e-06, 0.00034039, 13.03732305]], ""a"": 3.8408541300006536, ""b"": 3.8741645114307306, ""c"": 13.037323054444567, ""alpha"": 90.00006092962718, ""beta"": 89.9999628725, ""gamma"": 90.00000025693242, ""volume"": 193.99668074320508, ""atoms"": [{""element"": ""Ta"", ""fractional_coordinates"": [0.01861783, 0.97728803, 0.14579713], ""cartesian_coordinates"": [0.0715110557247905, 3.786224192523236, 1.9007014232659365]}, {""element"": ""Ta"", ""fractional_coordinates"": [0.51861683, 0.02271197, 0.35420287], ""cartesian_coordinates"": [1.9919334169153553, 0.088109438007444, 4.61785537434107]}, {""element"": ""Ta"", ""fractional_coordinates"": [0.51861478, 0.02270693, 0.64579573], ""cartesian_coordinates"": [1.9919270069504662, 0.088189167516029, 8.419445689762982]}, {""element"": ""Ta"", ""fractional_coordinates"": [0.01861478, 0.97729307, 0.85420327], ""cartesian_coordinates"": [0.0715028973285968, 3.786484852684461, 11.136421120515822]}, {""element"": ""O"", ""fractional_coordinates"": [0.51858482, 0.99794163, 0.18522574], ""cartesian_coordinates"": [1.9918115733687811, 3.8662520578175497, 2.414743280010585]}, {""element"": ""O"", ""fractional_coordinates"": [0.01858382, 0.00205637, 0.31477426], ""cartesian_coordinates"": [0.0713793260777018, 0.0080738245161501, 4.103813517740281]}, {""element"": ""O"", ""fractional_coordinates"": [0.01858282, 0.00205571, 0.68522612], ""cartesian_coordinates"": [0.07137734489058899, 0.0081973656781989, 8.933514091102122]}, {""element"": ""O"", ""fractional_coordinates"": [0.51858282, 0.99794529, 0.81477388], ""cartesian_coordinates"": [1.9918070519995041, 3.866480529155031, 10.622365756329902]}, {""element"": ""O"", ""fractional_coordinates"": [0.01852408, 0.49235259, 0.85107094], ""cartesian_coordinates"": [0.07115354625374919, 1.9077445895736875, 11.095634971999338]}, {""element"": ""O"", ""fractional_coordinates"": [0.51852608, 0.50764741, 0.64892906], ""cartesian_coordinates"": [1.9915873087994114, 1.9669294313259924, 8.460244875421322]}, {""element"": ""O"", ""fractional_coordinates"": [0.51852571, 0.50764915, 0.35107372], ""cartesian_coordinates"": [1.9915843924530567, 1.966834785393797, 4.5770085854901925]}, {""element"": ""O"", ""fractional_coordinates"": [0.51854396, 0.00499878, 0.50000243], ""cartesian_coordinates"": [1.9916542303623133, 0.019535254808525502, 6.51869320320284]}, {""element"": ""O"", ""fractional_coordinates"": [0.01854396, 0.99500122, -2.43e-06], ""cartesian_coordinates"": [0.0712266353427962, 3.8547983760156344, -0.0001364057440413]}, {""element"": ""O"", ""fractional_coordinates"": [0.01852671, 0.49234985, 0.14892528], ""cartesian_coordinates"": [0.07116012292341789, 1.9074949709964626, 1.9415351747149714]}]}"
mp-1541458,Mg(ReO4)2,11,"[{""@module"": ""pymatgen.core.periodic_table"", ""@class"": ""Element"", ""element"": ""Mg""}, {""@module"": ""pymatgen.core.periodic_table"", ""@class"": ""Element"", ""element"": ""O""}, {""@module"": ""pymatgen.core.periodic_table"", ""@class"": ""Element"", ""element"": ""Re""}]","{""Mg"": 1.0, ""Re"": 2.0, ""O"": 8.0}",4.878171664296923,178.61372847826618,"{""crystal_system"": ""Trigonal"", ""symbol"": ""P-3m1"", ""hall"": ""-P 3 2\"""", ""number"": 164, ""point_group"": ""-3m"", ""symprec"": 0.1, ""angle_tolerance"": 5.0, ""version"": ""2.7.0""}",16.491,11.846,11.115,0.21,"{""lattice_matrix"": [[2.87398414, -4.978277, 0.00017207], [2.87400937, 4.97828086, -0.00011663], [5.946e-05, -0.00018214, 6.24193643]], ""a"": 5.748306424966281, ""b"": 5.748322380790128, ""c"": 6.241936432940632, ""alpha"": 90.00233754241803, ""beta"": 89.99656409491399, ""gamma"": 120.00369323705192, ""volume"": 178.61372847826618, ""atoms"": [{""element"": ""Mg"", ""fractional_coordinates"": [0.9999589, -3.821e-05, 0.49991308], ""cartesian_coordinates"": [2.8737859281855553, -4.978353667095352, 3.1205977332698596]}, {""element"": ""Re"", ""fractional_coordinates"": [0.33330655, 0.66667627, 0.78178356], ""cartesian_coordinates"": [2.8739980700452445, 1.6594669888852236, 4.879822881143779]}, {""element"": ""Re"", ""fractional_coordinates"": [0.66666556, 0.33329925, 0.21823044], ""cartesian_coordinates"": [2.8739043896201535, -1.6596282956051067, 1.3622563740223108]}, {""element"": ""O"", ""fractional_coordinates"": [0.1723326, 0.83544355, 0.68886603], ""cartesian_coordinates"": [2.8963947099851715, 3.301027745586549, 4.299790183535719]}, {""element"": ""O"", ""fractional_coordinates"": [0.16458074, 0.33693005, 0.68884307], ""cartesian_coordinates"": [1.4413835158529744, 0.8578784406120931, 4.29970367644224]}, {""element"": ""O"", ""fractional_coordinates"": [0.33332669, 0.66669573, 0.05810222], ""cartesian_coordinates"": [2.874068850215688, 1.659595415051247, 0.36264996248243303]}, {""element"": ""O"", ""fractional_coordinates"": [0.33691315, 0.17232133, 0.31116167], ""cartesian_coordinates"": [1.4635546684012013, -0.8194396817203801, 1.9422892384016408]}, {""element"": ""O"", ""fractional_coordinates"": [0.66308086, 0.82770109, 0.68885734], ""cartesian_coordinates"": [4.28454552285421, 0.8194028311940096, 4.29982128716435]}, {""element"": ""O"", ""fractional_coordinates"": [0.66671482, 0.33333548, 0.94193092], ""cartesian_coordinates"": [2.8741931186689063, -1.6598249772199964, 5.879548768793461]}, {""element"": ""O"", ""fractional_coordinates"": [0.83544116, 0.6630651, 0.31115927], ""cartesian_coordinates"": [4.3067184555933835, -0.8581898899667723, 1.9423028040229942]}, {""element"": ""O"", ""fractional_coordinates"": [0.82767796, 0.16457136, 0.31115241], ""cartesian_coordinates"": [2.8517314618634964, -3.301184373382708, 1.9423167878501566]}]}"
mp-1542038,CsSnSe3,10,"[{""@module"": ""pymatgen.core.periodic_table"", ""@class"": ""Element"", ""element"": ""Cs""}, {""@module"": ""pymatgen.core.periodic_table"", ""@class"": ""Element"", ""element"": ""Se""}, {""@module"": ""pymatgen.core.periodic_table"", ""@class"": ""Element"", ""element"": ""Sn""}]","{""Cs"": 2.0, ""Sn"": 2.0, ""Se"": 6.0}",4.477434642764821,362.33506353039013,"{""crystal_system"": ""Triclinic"", ""symbol"": ""P-1"", ""hall"": ""-P 1"", ""number"": 2, ""point_group"": ""-1"", ""symprec"": 0.1, ""angle_tolerance"": 5.0, ""version"": ""2.7.0""}",12.624,6.148,4.332,0.291,"{""lattice_matrix"": [[6.46537168, 0.01710384, -3.07798724], [-2.98254682, 6.92770416, -0.89368792], [0.05318581, -0.15130771, 8.10560632]], ""a"": 7.160679363823769, ""b"": 7.595218796080028, ""c"": 8.107192890780059, ""alpha"": 97.88821487649481, ""beta"": 115.07997182267894, ""gamma"": 107.5658015306499, ""volume"": 362.33506353039013, ""atoms"": [{""element"": ""Cs"", ""fractional_coordinates"": [0.22783095, 0.19131766, 0.85562779], ""cartesian_coordinates"": [0.9479051505843147, 1.1998258516620528, 6.063142983589887]}, {""element"": ""Cs"", ""fractional_coordinates"": [0.77216905, 0.80868234, 0.14437221], ""cartesian_coordinates"": [2.588105519415685, 5.593674438337947, -1.9292118235898876]}, {""element"": ""Sn"", ""fractional_coordinates"": [0.22074385, 0.5100483, 0.4265518], ""cartesian_coordinates"": [-0.07136539589728028, 3.472698721147934, 2.322190207952366]}, {""element"": ""Sn"", ""fractional_coordinates"": [0.77925615, 0.4899517, 0.5734482], ""cartesian_coordinates"": [3.6073760658972804, 3.320801568852066, 1.8117409520476335]}, {""element"": ""Se"", ""fractional_coordinates"": [0.66067132, 0.77361193, 0.56162779], ""cartesian_coordinates"": [1.9940224693103148, 5.2856759874592365, 1.8274282347087898]}, {""element"": ""Se"", ""fractional_coordinates"": [0.18537061, 0.61148068, 0.1233243], ""cartesian_coordinates"": [-0.6187207626389299, 4.220667882429418, -0.11742304379082598]}, {""element"": ""Se"", ""fractional_coordinates"": [0.33932868, 0.22638807, 0.43837221], ""cartesian_coordinates"": [1.541988200689685, 1.5078243025407634, 2.3065029252912095]}, {""element"": ""Se"", ""fractional_coordinates"": [0.22450118, 0.6980046, 0.71652446], ""cartesian_coordinates"": [-0.592238894986877, 4.73099352818008, 4.493055144881212]}, {""element"": ""Se"", ""fractional_coordinates"": [0.77549882, 0.3019954, 0.28347554], ""cartesian_coordinates"": [4.128249564986876, 2.06250676181992, -0.3591239848812122]}, {""element"": ""Se"", ""fractional_coordinates"": [0.81462939, 0.38851932, 0.8766757], ""cartesian_coordinates"": [4.15473143263893, 2.5728324075705817, 4.251354203790825]}]}"
mp-1542940,TiTlPS5,16,"[{""@module"": ""pymatgen.core.periodic_table"", ""@class"": ""Element"", ""element"": ""P""}, {""@module"": ""pymatgen.core.periodic_table"", ""@class"": ""Element"", ""element"": ""S""}, {""@module"": ""pymatgen.core.periodic_table"", ""@class"": ""Element"", ""element"": ""Ti""}, {""@module"": ""pymatgen.core.periodic_table"", ""@class"": ""Element"", ""element"": ""Tl""}]","{""Ti"": 2.0, ""Tl"": 2.0, ""P"": 2.0, ""S"": 10.0}",3.4003116472340844,433.2135538417105,"{""crystal_system"": ""Monoclinic"", ""symbol"": ""C2/m"", ""hall"": ""-C 2y"", ""number"": 12, ""point_group"": ""2/m"", ""symprec"": 0.1, ""angle_tolerance"": 5.0, ""version"": ""2.7.0""}",9.808,4.58,6.834,0.298,"{""lattice_matrix"": [[6.681281, 0.063654, -1.073416], [-0.461164, 6.705136, -2.365399], [-0.242797, -0.320698, 9.818619]], ""a"": 6.76725864303508, ""b"": 7.125070767549822, ""c"": 9.826854871095533, ""alpha"": 111.15035208014716, ""beta"": 100.55542855025124, ""gamma"": 90.1370098985174, ""volume"": 433.2135538417105, ""atoms"": [{""element"": ""Ti"", ""fractional_coordinates"": [0.499999, 0.276313, 6.1e-05], ""cartesian_coordinates"": [3.21319339977, 1.884523617336, -1.189698484712]}, {""element"": ""Ti"", ""fractional_coordinates"": [0.500001, 0.723687, 0.999939], ""cartesian_coordinates"": [2.76412660023, 4.563568382664, 7.569502484712]}, {""element"": ""Tl"", ""fractional_coordinates"": [0.722096, 0.713773, 0.427954], ""cartesian_coordinates"": [4.391453925865999, 4.69466534502, 1.7384499351629998]}, {""element"": ""Tl"", ""fractional_coordinates"": [0.277904, 0.286227, 0.572046], ""cartesian_coordinates"": [1.585866074134, 1.7534266549800002, 4.641354064837]}, {""element"": ""P"", ""fractional_coordinates"": [0.280542, 0.868328, 0.736391], ""cartesian_coordinates"": [1.2951447948830004, 5.603955832158, 4.875262209685]}, {""element"": ""P"", ""fractional_coordinates"": [0.719458, 0.131672, 0.263609], ""cartesian_coordinates"": [4.682175205117001, 0.8441361678420002, 1.5045417903149998]}, {""element"": ""S"", ""fractional_coordinates"": [0.174054, 0.681956, 0.83098], ""cartesian_coordinates"": [0.64665067533, 4.317193335292001, 6.359145627712]}, {""element"": ""S"", ""fractional_coordinates"": [0.347307, 0.560946, 0.123075], ""cartesian_coordinates"": [2.031885318348, 3.743856792084, -0.4912394647409998]}, {""element"": ""S"", ""fractional_coordinates"": [0.413193, 0.082805, 0.166827], ""cartesian_coordinates"": [2.6819667600940003, 0.5280190884560001, 0.9986159104300001]}, {""element"": ""S"", ""fractional_coordinates"": [0.586807, 0.917195, 0.833173], ""cartesian_coordinates"": [3.295353239906, 5.9200729115440005, 5.38118808957]}, {""element"": ""S"", ""fractional_coordinates"": [0.174035, 0.148331, 0.83109], ""cartesian_coordinates"": [0.892585662821, 0.739128651086, 7.622482112081]}, {""element"": ""S"", ""fractional_coordinates"": [0.777142, 0.241892, 0.48503], ""cartesian_coordinates"": [4.962988367704, 1.51583880324, 3.35595702159]}, {""element"": ""S"", ""fractional_coordinates"": [0.652693, 0.439054, 0.876925], ""cartesian_coordinates"": [3.9454346816520003, 2.7042352079160006, 6.871043464741]}, {""element"": ""S"", ""fractional_coordinates"": [0.222858, 0.758108, 0.51497], ""cartesian_coordinates"": [1.0143316322959999, 4.9322531967600005, 3.0238469784100004]}, {""element"": ""S"", ""fractional_coordinates"": [0.825965, 0.851669, 0.16891], ""cartesian_coordinates"": [5.0847343371789995, 5.708963348914001, -1.242678112081]}, {""element"": ""S"", ""fractional_coordinates"": [0.825946, 0.318044, 0.16902], ""cartesian_coordinates"": [5.33066932467, 2.130898664708, 0.020658372288000135]}]}"
mp-1545896,Li2Sb,18,"[{""@module"": ""pymatgen.core.periodic_table"", ""@class"": ""Element"", ""element"": ""Li""}, {""@module"": ""pymatgen.core.periodic_table"", ""@class"": ""Element"", ""element"": ""Sb""}]","{""Li"": 12.0, ""Sb"": 6.0}",3.8524559878980025,350.79778888169875,"{""crystal_system"": ""Hexagonal"", ""symbol"": ""P-62m"", ""hall"": ""P -6 -2"", ""number"": 189, ""point_group"": ""-6m2"", ""symprec"": 0.1, ""angle_tolerance"": 5.0, ""version"": ""2.7.0""}",33.938,23.465,1.487,0.219,"{""lattice_matrix"": [[7.95384231, 0.0, 0.0], [-3.97692065, 6.88822931, -0.0], [0.0, 0.0, 6.40283447]], ""a"": 7.95384231, ""b"": 7.953841894552562, ""c"": 6.40283447, ""alpha"": 90.0, ""beta"": 90.0, ""gamma"": 119.99999752727796, ""volume"": 350.79778888169875, ""atoms"": [{""element"": ""Li"", ""fractional_coordinates"": [0.29604079, 0.0, 0.0], ""cartesian_coordinates"": [2.354661760987825, 0.0, 0.0]}, {""element"": ""Li"", ""fractional_coordinates"": [0.70395921, 0.70395921, 0.5], ""cartesian_coordinates"": [2.799590630005489, 4.849032463366445, 3.201417235]}, {""element"": ""Li"", ""fractional_coordinates"": [0.0, 0.29604079, 0.5], ""cartesian_coordinates"": [-1.1773307309933134, 2.039196846633555, 3.201417235]}, {""element"": ""Li"", ""fractional_coordinates"": [0.0, 0.29604079, 0.0], ""cartesian_coordinates"": [-1.1773307309933134, 2.039196846633555, 0.0]}, {""element"": ""Li"", ""fractional_coordinates"": [0.70395921, 0.70395921, 0.0], ""cartesian_coordinates"": [2.799590630005489, 4.849032463366445, 0.0]}, {""element"": ""Li"", ""fractional_coordinates"": [0.29604079, 0.0, 0.5], ""cartesian_coordinates"": [2.354661760987825, 0.0, 3.201417235]}, {""element"": ""Li"", ""fractional_coordinates"": [0.62985833, 0.00097732, 0.25], ""cartesian_coordinates"": [5.005907110370284, 0.0067320042692492, 1.6007086175]}, {""element"": ""Li"", ""fractional_coordinates"": [0.37111898, 0.37014267, 0.25], ""cartesian_coordinates"": [1.4797938173989083, 2.5496275883756576, 1.6007086175]}, {""element"": ""Li"", ""fractional_coordinates"": [0.99902268, 0.62888102, 0.25], ""cartesian_coordinates"": [5.445058946002527, 4.331876674466696, 1.6007086175]}, {""element"": ""Li"", ""fractional_coordinates"": [0.62888102, 0.99902268, 0.75], ""cartesian_coordinates"": [1.028986538921614, 6.881497305730751, 4.8021258525]}, {""element"": ""Li"", ""fractional_coordinates"": [0.37014267, 0.37111898, 0.75], ""cartesian_coordinates"": [1.4681456942134308, 2.5563526355333037, 4.8021258525]}, {""element"": ""Li"", ""fractional_coordinates"": [0.00097732, 0.62985833, 0.75], ""cartesian_coordinates"": [-2.4971231499851054, 4.338608609853653, 4.8021258525]}, {""element"": ""Sb"", ""fractional_coordinates"": [0.0, 0.0, 0.25], ""cartesian_coordinates"": [0.0, 0.0, 1.6007086175]}, {""element"": ""Sb"", ""fractional_coordinates"": [0.0, 0.0, 0.75], ""cartesian_coordinates"": [0.0, 0.0, 4.8021258525]}, {""element"": ""Sb"", ""fractional_coordinates"": [0.333333, 0.666667, 0.00251425], ""cartesian_coordinates"": [-3.6402543199022664e-06, 4.59215516940977, 0.0160983265661975]}, {""element"": ""Sb"", ""fractional_coordinates"": [0.333333, 0.666667, 0.49748575], ""cartesian_coordinates"": [-3.6402543199022664e-06, 4.59215516940977, 3.1853189084338025]}, {""element"": ""Sb"", ""fractional_coordinates"": [0.666667, 0.333333, 0.99748575], ""cartesian_coordinates"": [3.97692530025432, 2.29607414059023, 6.386736143433803]}, {""element"": ""Sb"", ""fractional_coordinates"": [0.666667, 0.333333, 0.50251425], ""cartesian_coordinates"": [3.97692530025432, 2.29607414059023, 3.217515561566198]}]}"
mp-1546032,Hg,6,"[{""@module"": ""pymatgen.core.periodic_table"", ""@class"": ""Element"", ""element"": ""Hg""}]","{""Hg"": 6.0}",11.671125524759733,171.23671463974927,"{""crystal_system"": ""Orthorhombic"", ""symbol"": ""Cmce"", ""hall"": ""-C 2ac 2"", ""number"": 64, ""point_group"": ""mmm"", ""symprec"": 0.1, ""angle_tolerance"": 5.0, ""version"": ""2.7.0""}",6.181,3.265,0.47200000000000003,0.275,"{""lattice_matrix"": [[-5.22985593, 0.0, 2.5502829], [0.32886256, 0.0, -5.71927825], [0.0, -5.89002808, 0.0]], ""a"": 5.818533828945964, ""b"": 5.7287253629662525, ""c"": 5.89002808, ""alpha"": 90.0, ""beta"": 90.0, ""gamma"": 119.28660277832492, ""volume"": 171.23671463974927, ""atoms"": [{""element"": ""Hg"", ""fractional_coordinates"": [-0.0, 0.5, 0.5], ""cartesian_coordinates"": [0.16443128, -2.94501404, -2.859639125]}, {""element"": ""Hg"", ""fractional_coordinates"": [-0.0, -0.0, 0.0], ""cartesian_coordinates"": [0.0, 0.0, 0.0]}, {""element"": ""Hg"", ""fractional_coordinates"": [0.66190253, 0.33372094, 0.95516678], ""cartesian_coordinates"": [-3.3519065489484965, -5.625959155283183, -0.22060420998581828]}, {""element"": ""Hg"", ""fractional_coordinates"": [0.33809747, 0.16627906, 0.45516678], ""cartesian_coordinates"": [-1.7135181010515035, -2.6809451152831825, -0.08875201501418202]}, {""element"": ""Hg"", ""fractional_coordinates"": [0.33809747, 0.66627906, 0.04483322], ""cartesian_coordinates"": [-1.5490868210515036, -0.26406892471681764, -2.9483911400141825]}, {""element"": ""Hg"", ""fractional_coordinates"": [0.66190253, 0.83372094, 0.54483322], ""cartesian_coordinates"": [-3.1874752689484964, -3.209082964716818, -3.080243334985818]}]}"
mp-1946459,CsAgBr3,5,"[{""@module"": ""pymatgen.core.periodic_table"", ""@class"": ""Element"", ""element"": ""Ag""}, {""@module"": ""pymatgen.core.periodic_table"", ""@class"": ""Element"", ""element"": ""Br""}, {""@module"": ""pymatgen.core.periodic_table"", ""@class"": ""Element"", ""element"": ""Cs""}]","{""Cs"": 1.0, ""Ag"": 1.0, ""Br"": 3.0}",5.01277621381123,159.16633079233864,"{""crystal_system"": ""Cubic"", ""symbol"": ""Pm-3m"", ""hall"": ""-P 4 2 3"", ""number"": 221, ""point_group"": ""m-3m"", ""symprec"": 0.1, ""angle_tolerance"": 5.0, ""version"": ""2.7.0""}",25.511,10.716,0.20600000000000002,0.316,"{""lattice_matrix"": [[5.41674293, 0.0, 0.0], [0.0, 5.42025377, -0.00343217], [0.0, 0.00165468, 5.42117311]], ""a"": 5.41674293, ""b"": 5.420254856645592, ""c"": 5.421173362525217, ""alpha"": 90.01879224361947, ""beta"": 90.0, ""gamma"": 90.0, ""volume"": 159.16633079233864, ""atoms"": [{""element"": ""Cs"", ""fractional_coordinates"": [-0.0, 0.00183132, 0.0111518], ""cartesian_coordinates"": [0.0, 0.009944671794500402, 0.0604495528865336]}, {""element"": ""Ag"", ""fractional_coordinates"": [0.5, 0.50162097, 0.51241751], ""cartesian_coordinates"": [2.708371465, 2.719760840759004, 2.776182377860551]}, {""element"": ""Br"", ""fractional_coordinates"": [-0.0, 0.50188726, 0.51221898], ""cartesian_coordinates"": [0.0, 2.7212038716317966, 2.7751051984104733]}, {""element"": ""Br"", ""fractional_coordinates"": [0.5, 0.50281459, 0.01236387], ""cartesian_coordinates"": [2.708371465, 2.725403135306916, 0.0653009344281754]}, {""element"": ""Br"", ""fractional_coordinates"": [0.5, 0.00184685, 0.51185184], ""cartesian_coordinates"": [2.708371465, 0.0108573466777357, 2.7748310926088573]}]}"
mp-1974948,Na2O,9,"[{""@module"": ""pymatgen.core.periodic_table"", ""@class"": ""Element"", ""element"": ""Na""}, {""@module"": ""pymatgen.core.periodic_table"", ""@class"": ""Element"", ""element"": ""O""}]","{""Na"": 6.0, ""O"": 3.0}",2.7255985798114417,113.27983110725594,"{""crystal_system"": ""Trigonal"", ""symbol"": ""P321"", ""hall"": ""P 3 2\"""", ""number"": 150, ""point_group"": ""32"", ""symprec"": 0.1, ""angle_tolerance"": 5.0, ""version"": ""2.7.0""}",46.967,23.696,0.52,0.28400000000000003,"{""lattice_matrix"": [[3.02705611, -5.24301614, -0.0], [3.02705573, 5.24301636, -0.0], [-0.0, -0.0, 3.56878964]], ""a"": 6.054113224691856, ""b"": 6.054113225217503, ""c"": 3.56878964, ""alpha"": 90.0, ""beta"": 90.0, ""gamma"": 120.00001513481116, ""volume"": 113.27983110725594, ""atoms"": [{""element"": ""Na"", ""fractional_coordinates"": [0.2503186, 0.91708271, 0.06696377], ""cartesian_coordinates"": [3.533788919766074, 3.4958551920609318, 0.23897960863134282]}, {""element"": ""Na"", ""fractional_coordinates"": [0.66653825, 0.07455843, 0.56697559], ""cartesian_coordinates"": [2.2433412049625114, -3.1037597344114403, 2.0234166117248873]}, {""element"": ""Na"", ""fractional_coordinates"": [0.40802018, 0.33346175, 0.56697559], ""cartesian_coordinates"": [2.244507279945627, -0.39091097850147494, 2.0234166117248873]}, {""element"": ""Na"", ""fractional_coordinates"": [0.08291729, 0.33323589, 0.06696377], ""cartesian_coordinates"": [1.2597188995852915, 1.3124245332540998, 0.23897960863134282]}, {""element"": ""Na"", ""fractional_coordinates"": [0.92544157, 0.59197982, 0.56697559], ""cartesian_coordinates"": [4.593319465091861, -1.7483452070870846, 2.0234166117248873]}, {""element"": ""Na"", ""fractional_coordinates"": [0.66676411, 0.7496814, 0.06696377], ""cartesian_coordinates"": [4.2876597506486345, 0.4347368546849692, 0.23897960863134282]}, {""element"": ""O"", ""fractional_coordinates"": [0.0, 0.0, 0.55364093], ""cartesian_coordinates"": [0.0, 0.0, 1.9758280152639653]}, {""element"": ""O"", ""fractional_coordinates"": [0.666667, 0.333333, 0.06683998], ""cartesian_coordinates"": [3.0270559833334603, -1.7476754686774998, 0.23853782816180716]}, {""element"": ""O"", ""fractional_coordinates"": [0.333333, 0.666667, 0.58269901], ""cartesian_coordinates"": [3.02705585666654, 1.7476756886775002, 2.079530190126256]}]}"
mp-1975771,RbAgCl3,5,"[{""@module"": ""pymatgen.core.periodic_table"", ""@class"": ""Element"", ""element"": ""Ag""}, {""@module"": ""pymatgen.core.periodic_table"", ""@class"": ""Element"", ""element"": ""Cl""}, {""@module"": ""pymatgen.core.periodic_table"", ""@class"": ""Element"", ""element"": ""Rb""}]","{""Rb"": 1.0, ""Ag"": 1.0, ""Cl"": 3.0}",3.7811222873683086,131.6157527944835,"{""crystal_system"": ""Cubic"", ""symbol"": ""Pm-3m"", ""hall"": ""-P 4 2 3"", ""number"": 221, ""point_group"": ""m-3m"", ""symprec"": 0.1, ""angle_tolerance"": 5.0, ""version"": ""2.7.0""}",31.598,12.344,0.262,0.327,"{""lattice_matrix"": [[5.08785996, 0.0, 0.0], [0.0, 5.08795264, -0.0052606], [0.0, 0.0003542, 5.08428201]], ""a"": 5.08785996, ""b"": 5.087955359552138, ""c"": 5.084282022337793, ""alpha"": 90.05524840218033, ""beta"": 90.0, ""gamma"": 90.0, ""volume"": 131.61575279448348, ""atoms"": [{""element"": ""Rb"", ""fractional_coordinates"": [0.0, 0.00092519, 0.99159603], ""cartesian_coordinates"": [0.0, 0.005058546216827601, 5.041548989461906]}, {""element"": ""Ag"", ""fractional_coordinates"": [0.5, 0.50206426, 0.48699988], ""cartesian_coordinates"": [2.54392998, 2.554651672474143, 2.473403569510003]}, {""element"": ""Cl"", ""fractional_coordinates"": [0.0, 0.50360193, 0.48682919], ""cartesian_coordinates"": [0.0, 2.5624752041516934, 2.472527644346914]}, {""element"": ""Cl"", ""fractional_coordinates"": [0.5, 0.50119457, 0.98683741], ""cartesian_coordinates"": [2.54392998, 2.550403773395787, 5.014723106303052]}, {""element"": ""Cl"", ""fractional_coordinates"": [0.5, 0.00221306, 0.48773949], ""cartesian_coordinates"": [2.54392998, 0.0114327017968364, 2.479793472550139]}]}"
mp-2015815,PCl3O,20,"[{""@module"": ""pymatgen.core.periodic_table"", ""@class"": ""Element"", ""element"": ""Cl""}, {""@module"": ""pymatgen.core.periodic_table"", ""@class"": ""Element"", ""element"": ""O""}, {""@module"": ""pymatgen.core.periodic_table"", ""@class"": ""Element"", ""element"": ""P""}]","{""P"": 4.0, ""Cl"": 12.0, ""O"": 4.0}",2.00485121564676,507.99589223548975,"{""crystal_system"": ""Orthorhombic"", ""symbol"": ""Pnma"", ""hall"": ""-P 2ac 2n"", ""number"": 62, ""point_group"": ""mmm"", ""symprec"": 0.1, ""angle_tolerance"": 5.0, ""version"": ""2.7.0""}",2.568,68.257,-4.948,-0.848,"{""lattice_matrix"": [[5.84665617, 0.0, 0.0], [0.0, 9.43054642, 0.0], [0.0, 0.0, 9.21331222]], ""a"": 5.84665617, ""b"": 9.43054642, ""c"": 9.21331222, ""alpha"": 90.0, ""beta"": 90.0, ""gamma"": 90.0, ""volume"": 507.99589223548975, ""atoms"": [{""element"": ""P"", ""fractional_coordinates"": [0.87094439, 0.75722009, 0.81683035], ""cartesian_coordinates"": [5.092112391520386, 7.140999208901579, 7.5257130453218775]}, {""element"": ""P"", ""fractional_coordinates"": [0.12905561, 0.25722009, 0.18316965], ""cartesian_coordinates"": [0.7545437784796136, 2.4257259989015783, 1.687599174678123]}, {""element"": ""P"", ""fractional_coordinates"": [0.62905561, 0.75722009, 0.31683035], ""cartesian_coordinates"": [3.6778718634796137, 7.140999208901579, 2.919056935321877]}, {""element"": ""P"", ""fractional_coordinates"": [0.37094439, 0.25722009, 0.68316965], ""cartesian_coordinates"": [2.1687843065203865, 2.4257259989015783, 6.2942552846781235]}, {""element"": ""Cl"", ""fractional_coordinates"": [0.16924785, 0.42366359, 0.6484834], ""cartesian_coordinates"": [0.9895339864617345, 3.995379151958848, 5.974680033687148]}, {""element"": ""Cl"", ""fractional_coordinates"": [0.83075215, 0.92366359, 0.3515166], ""cartesian_coordinates"": [4.857122183538266, 8.710652361958848, 3.238632186312852]}, {""element"": ""Cl"", ""fractional_coordinates"": [0.33075215, 0.42366359, 0.1484834], ""cartesian_coordinates"": [1.9337940985382658, 3.995379151958848, 1.3680239236871479]}, {""element"": ""Cl"", ""fractional_coordinates"": [0.66924785, 0.92366359, 0.8515166], ""cartesian_coordinates"": [3.9128620714617344, 8.710652361958848, 7.8452882963128525]}, {""element"": ""Cl"", ""fractional_coordinates"": [0.08753577, 0.75704749, 0.98311858], ""cartesian_coordinates"": [0.5117915497662009, 7.1393714965894866, 9.057778426823047]}, {""element"": ""Cl"", ""fractional_coordinates"": [0.91246423, 0.25704749, 0.01688142], ""cartesian_coordinates"": [5.334864620233799, 2.424098286589486, 0.15553379317695243]}, {""element"": ""Cl"", ""fractional_coordinates"": [0.41246423, 0.75704749, 0.48311858], ""cartesian_coordinates"": [2.411536535233799, 7.1393714965894866, 4.4511223168230485]}, {""element"": ""Cl"", ""fractional_coordinates"": [0.58753577, 0.25704749, 0.51688142], ""cartesian_coordinates"": [3.435119634766201, 2.424098286589486, 4.762189903176953]}, {""element"": ""Cl"", ""fractional_coordinates"": [0.67242367, 0.58886401, 0.84942779], ""cartesian_coordinates"": [3.931429999059544, 5.553309381372345, 7.826043437614595]}, {""element"": ""Cl"", ""fractional_coordinates"": [0.32757633, 0.08886401, 0.15057221], ""cartesian_coordinates"": [1.9152261709404563, 0.8380361713723442, 1.3872687823854064]}, {""element"": ""Cl"", ""fractional_coordinates"": [0.82757633, 0.58886401, 0.34942779], ""cartesian_coordinates"": [4.838554255940456, 5.553309381372345, 3.2193873276145943]}, {""element"": ""Cl"", ""fractional_coordinates"": [0.17242367, 0.08886401, 0.65057221], ""cartesian_coordinates"": [1.008101914059544, 0.8380361713723442, 5.993924892385406]}, {""element"": ""O"", ""fractional_coordinates"": [0.98263227, 0.75840383, 0.67535409], ""cartesian_coordinates"": [5.7451130242366055, 7.152162523920789, 6.222248090223981]}, {""element"": ""O"", ""fractional_coordinates"": [0.01736773, 0.25840383, 0.32464591], ""cartesian_coordinates"": [0.10154314576339411, 2.436889313920789, 2.9910641297760203]}, {""element"": ""O"", ""fractional_coordinates"": [0.51736773, 0.75840383, 0.17535409], ""cartesian_coordinates"": [3.0248712307633943, 7.152162523920789, 1.6155919802239798]}, {""element"": ""O"", ""fractional_coordinates"": [0.48263227, 0.25840383, 0.82464591], ""cartesian_coordinates"": [2.821784939236606, 2.436889313920789, 7.59772023977602]}]}"
mp-2019999,BiO2,12,"[{""@module"": ""pymatgen.core.periodic_table"", ""@class"": ""Element"", ""element"": ""Bi""}, {""@module"": ""pymatgen.core.periodic_table"", ""@class"": ""Element"", ""element"": ""O""}]","{""Bi"": 4.0, ""O"": 8.0}",8.66488776734415,184.72501301409787,"{""crystal_system"": ""Tetragonal"", ""symbol"": ""P4_2/mnm"", ""hall"": ""-P 4n 2n"", ""number"": 136, ""point_group"": ""4/mmm"", ""symprec"": 0.1, ""angle_tolerance"": 5.0, ""version"": ""2.7.0""}",709112.83,358391.561,68631.75,0.28400000000000003,"{""lattice_matrix"": [[-3.53327634, 3.61549354, 3.6151017], [3.53327634, -3.61549354, 3.6151017], [3.53327634, 3.61549354, -3.6151017]], ""a"": 6.214884997643031, ""b"": 6.214884997643031, ""c"": 6.214884997643031, ""alpha"": 110.70605548387041, ""beta"": 108.85291297739629, ""gamma"": 108.86179533785327, ""volume"": 184.72501301409787, ""atoms"": [{""element"": ""Bi"", ""fractional_coordinates"": [0.500233, 0.25, 0.250233], ""cartesian_coordinates"": [-1.723804713329713e-16, 1.80943158998964, 1.8075508500000002]}, {""element"": ""Bi"", ""fractional_coordinates"": [0.499767, 0.75, 0.749767], ""cartesian_coordinates"": [3.5332763399999996, 1.80606195001036, 1.8075508500000004]}, {""element"": ""Bi"", ""fractional_coordinates"": [0.0, -0.0, 0.5], ""cartesian_coordinates"": [1.76663817, 1.80774677, -1.80755085]}, {""element"": ""Bi"", ""fractional_coordinates"": [0.0, 0.5, 0.0], ""cartesian_coordinates"": [1.76663817, -1.80774677, 1.80755085]}, {""element"": ""O"", ""fractional_coordinates"": [0.30793805, -0.00010728, 0.80783077], ""cartesian_coordinates"": [1.7658800702284896, 4.034442830990394, -1.8075508500000002]}, {""element"": ""O"", ""fractional_coordinates"": [0.19242517, 0.44254871, 0.74987746], ""cartesian_coordinates"": [3.53327987327634, 1.8068570693496768, -0.41538812739408604]}, {""element"": ""O"", ""fractional_coordinates"": [0.30793805, 0.50010728, 0.30804533], ""cartesian_coordinates"": [1.7673962697715104, 0.41894929099039385, 1.8075508500000002]}, {""element"": ""O"", ""fractional_coordinates"": [0.80732976, 0.05745129, 0.74987746], ""cartesian_coordinates"": [-3.5686091035477776e-06, 5.422357876491692, 0.4153881635451029]}, {""element"": ""O"", ""fractional_coordinates"": [0.19267024, 0.94254871, 0.25012254], ""cartesian_coordinates"": [3.533279908609103, -1.806864336491692, 3.199713536454897]}, {""element"": ""O"", ""fractional_coordinates"": [0.80757483, 0.55745129, 0.25012254], ""cartesian_coordinates"": [-3.533276339735829e-06, 1.808636470650323, 4.030489827394086]}, {""element"": ""O"", ""fractional_coordinates"": [0.69206195, 0.49989272, 0.69195467], ""cartesian_coordinates"": [1.7658800702284898, 3.196544249009606, 1.8075508500000006]}, {""element"": ""O"", ""fractional_coordinates"": [0.69206195, 0.00010728, 0.19216923], ""cartesian_coordinates"": [-1.7658800702284896, 3.196544249009606, 1.8075508500000004]}]}"
mp-2022604,Ag2Se,12,"[{""@module"": ""pymatgen.core.periodic_table"", ""@class"": ""Element"", ""element"": ""Ag""}, {""@module"": ""pymatgen.core.periodic_table"", ""@class"": ""Element"", ""element"": ""Se""}]","{""Ag"": 8.0, ""Se"": 4.0}",7.988223092242295,245.0381668210089,"{""crystal_system"": ""Orthorhombic"", ""symbol"": ""Pnma"", ""hall"": ""-P 2ac 2n"", ""number"": 62, ""point_group"": ""mmm"", ""symprec"": 0.1, ""angle_tolerance"": 5.0, ""version"": ""2.7.0""}",25.252,12.062,2.124,0.294,"{""lattice_matrix"": [[6.98786558, -3.15e-06, 0.0], [-3.15e-06, 7.17292998, -0.00056384], [0.0, 2.719e-05, 4.88869115]], ""a"": 6.98786558000071, ""b"": 7.172930002161478, ""c"": 4.888691150075613, ""alpha"": 90.00418516073053, ""beta"": 90.00000000014366, ""gamma"": 90.00005098937682, ""volume"": 245.0381668210089, ""atoms"": [{""element"": ""Ag"", ""fractional_coordinates"": [0.44889484, 0.92045531, 0.25014088], ""cartesian_coordinates"": [3.1368139020413808, 6.602366875660976, 1.2223425167872215]}, {""element"": ""Ag"", ""fractional_coordinates"": [0.05110166, 0.07956525, 0.75014917], ""cartesian_coordinates"": [0.3570912803643253, 0.5707362026768984, 3.6672027464882855]}, {""element"": ""Ag"", ""fractional_coordinates"": [0.82130325, 0.10558333, 0.24980998], ""cartesian_coordinates"": [5.739156378829646, 0.7573460383733521, 1.2211843063028895]}, {""element"": ""Ag"", ""fractional_coordinates"": [0.94889684, 0.57954369, 0.74985912], ""cartesian_coordinates"": [6.630761741644143, 4.1570437083652525, 3.665502873776618]}, {""element"": ""Ag"", ""fractional_coordinates"": [0.32130425, 0.39441667, 0.75019002], ""cartesian_coordinates"": [2.2452296668702045, 2.829142542413023, 3.66722492369711]}, {""element"": ""Ag"", ""fractional_coordinates"": [0.67869612, 0.89437043, 0.74989443], ""cartesian_coordinates"": [4.742634438960695, 6.415274722309266, 3.665497981552043]}, {""element"": ""Ag"", ""fractional_coordinates"": [0.17869612, 0.60562857, 0.25010557], ""cartesian_coordinates"": [1.2487025584975542, 4.344137563975199, 1.2223474090117965]}, {""element"": ""Ag"", ""fractional_coordinates"": [0.55110166, 0.42043475, 0.24985083], ""cartesian_coordinates"": [3.851022996625401, 3.015754080382644, 1.2212064835117145]}, {""element"": ""Se"", ""fractional_coordinates"": [0.71924177, 0.28309344, 0.75001677], ""cartesian_coordinates"": [5.0259639165369405, 2.0306275502617317, 3.6664407264453756]}, {""element"": ""Se"", ""fractional_coordinates"": [0.28076235, 0.78298585, 0.75009782], ""cartesian_coordinates"": [1.9619270953194856, 5.616322188139106, 3.666555095526629]}, {""element"": ""Se"", ""fractional_coordinates"": [0.21924077, 0.21690756, 0.24998323], ""cartesian_coordinates"": [1.5320243471568826, 1.5558688464482469, 1.221968502990784]}, {""element"": ""Se"", ""fractional_coordinates"": [0.78076235, 0.71701515, 0.24990318], ""cartesian_coordinates"": [5.455860093127192, 5.143103801015259, 1.2212951826006808]}]}"
mp-2025704,Ag2S,6,"[{""@module"": ""pymatgen.core.periodic_table"", ""@class"": ""Element"", ""element"": ""Ag""}, {""@module"": ""pymatgen.core.periodic_table"", ""@class"": ""Element"", ""element"": ""S""}]","{""Ag"": 4.0, ""S"": 2.0}",6.0465803569043315,136.10466800899007,"{""crystal_system"": ""Monoclinic"", ""symbol"": ""P2_1/m"", ""hall"": ""-P 2yb"", ""number"": 11, ""point_group"": ""2/m"", ""symprec"": 0.1, ""angle_tolerance"": 5.0, ""version"": ""2.7.0""}",9.903,6.9190000000000005,38.856,0.217,"{""lattice_matrix"": [[3.91226195, 0.0, -0.93352363], [0.0, 5.82543372, 0.0], [-6.12527577, 0.0, 7.43354066]], ""a"": 4.022096459955452, ""b"": 5.82543372, ""c"": 9.632057412745334, ""alpha"": 90.0, ""beta"": 142.90936475573412, ""gamma"": 90.0, ""volume"": 136.10466800899007, ""atoms"": [{""element"": ""Ag"", ""fractional_coordinates"": [-0.00108946, 0.9993357, -0.00235305], ""cartesian_coordinates"": [0.0101508272465515, 5.821563884379804, -0.0164744561960732]}, {""element"": ""Ag"", ""fractional_coordinates"": [0.01036535, 0.50122965, 0.50164984], ""cartesian_coordinates"": [-3.0321916455729445, 2.919880104573798, 3.719358183564274]}, {""element"": ""Ag"", ""fractional_coordinates"": [-0.01036135, 0.00123065, 0.49835216], ""cartesian_coordinates"": [-3.0930807259307955, 0.007169070007518001, 3.714193609422526]}, {""element"": ""Ag"", ""fractional_coordinates"": [0.00108746, 0.4993347, 0.00235205], ""cartesian_coordinates"": [-0.010152526494681501, 2.9088411989460843, 0.0164688897026732]}, {""element"": ""S"", ""fractional_coordinates"": [0.80074489, 0.24943464, 0.23820903], ""cartesian_coordinates"": [1.6736277651497327, 1.4530649627920609, 1.0232222336674088]}, {""element"": ""S"", ""fractional_coordinates"": [0.19925311, 0.74943564, 0.76178997], ""cartesian_coordinates"": [-3.8866432843978624, 4.365787648225781, 5.476789229839191]}]}"
mp-2036706,TiCl3,8,"[{""@module"": ""pymatgen.core.periodic_table"", ""@class"": ""Element"", ""element"": ""Cl""}, {""@module"": ""pymatgen.core.periodic_table"", ""@class"": ""Element"", ""element"": ""Ti""}]","{""Ti"": 2.0, ""Cl"": 6.0}",2.6443008898681684,193.69830371764056,"{""crystal_system"": ""Monoclinic"", ""symbol"": ""C2/m"", ""hall"": ""-C 2y"", ""number"": 12, ""point_group"": ""2/m"", ""symprec"": 0.1, ""angle_tolerance"": 5.0, ""version"": ""2.7.0""}",6.83,4.9190000000000005,71.316,0.21,"{""lattice_matrix"": [[6.03240054, -0.01991654, 0.00469709], [-3.0334494, 5.21425569, 0.0046971], [0.00410719, 0.00711284, 6.16991523]], ""a"": 6.032435246748392, ""b"": 6.032437295638152, ""c"": 6.169920696969169, ""alpha"": 89.91747309436514, ""beta"": 89.91746494306985, ""gamma"": 120.37827142253362, ""volume"": 193.69830371764056, ""atoms"": [{""element"": ""Ti"", ""fractional_coordinates"": [0.67664826, 0.32335174, 0.0], ""cartesian_coordinates"": [3.100942187322105, 1.6725621580301802, 0.0046970932335174]}, {""element"": ""Ti"", ""fractional_coordinates"": [0.32335174, 0.67664826, -0.0], ""cartesian_coordinates"": [-0.10199104732210422, 3.5217769919698196, 0.0046970967664826]}, {""element"": ""Cl"", ""fractional_coordinates"": [0.65518537, 0.65518537, 0.78681055], ""cartesian_coordinates"": [1.9681004926956762, 3.4088514754506973, 4.860709331420677]}, {""element"": ""Cl"", ""fractional_coordinates"": [0.34481463, 0.34481463, 0.21318945], ""cartesian_coordinates"": [1.0349578373043242, 1.7926005145493025, 1.3186000885793232]}, {""element"": ""Cl"", ""fractional_coordinates"": [-0.00207825, 0.34505549, 0.76553967], ""cartesian_coordinates"": [-1.0561009886522337, 1.804694104833856, 4.72492586751696]}, {""element"": ""Cl"", ""fractional_coordinates"": [0.34505549, -0.00207825, 0.76553967], ""cartesian_coordinates"": [2.090961407298742, -0.0122636771701843, 4.724925864045623]}, {""element"": ""Cl"", ""fractional_coordinates"": [0.65494451, 0.00207825, 0.23446033], ""cartesian_coordinates"": [3.945546322701258, -0.0005400228298157012, 1.4496864559543767]}, {""element"": ""Cl"", ""fractional_coordinates"": [0.00207825, 0.65494451, 0.23446033], ""cartesian_coordinates"": [-1.9732412213477661, 3.416674425166144, 1.4496864624830395]}]}"
mp-2051619,Cd(HO)2,10,"[{""@module"": ""pymatgen.core.periodic_table"", ""@class"": ""Element"", ""element"": ""Cd""}, {""@module"": ""pymatgen.core.periodic_table"", ""@class"": ""Element"", ""element"": ""H""}, {""@module"": ""pymatgen.core.periodic_table"", ""@class"": ""Element"", ""element"": ""O""}]","{""Cd"": 2.0, ""H"": 4.0, ""O"": 4.0}",4.876683388786214,99.7175920390008,"{""crystal_system"": ""Monoclinic"", ""symbol"": ""Cm"", ""hall"": ""C -2y"", ""number"": 8, ""point_group"": ""m"", ""symprec"": 0.1, ""angle_tolerance"": 5.0, ""version"": ""2.7.0""}",57.133,21.765,0.41000000000000003,0.331,"{""lattice_matrix"": [[3.43370362, -0.01818822, 0.00468394], [-0.09041636, 5.7014612, -0.05344053], [-1.66622792, -2.76959441, 5.11771571]], ""a"": 3.4337549855284952, ""b"": 5.7024285022705685, ""c"": 6.052931749629395, ""alpha"": 117.45447724887752, ""beta"": 105.76515867168284, ""gamma"": 91.21271567485535, ""volume"": 99.7175920390008, ""atoms"": [{""element"": ""Cd"", ""fractional_coordinates"": [0.1715318, 0.15317279, 0.31448616], ""cartesian_coordinates"": [0.05113441623668438, -0.0008102497930136166, 1.602068571189687]}, {""element"": ""Cd"", ""fractional_coordinates"": [0.86394922, 0.84254108, 0.69889994], ""cartesian_coordinates"": [1.7258394732917826, 2.8523322115705723, 3.5357920471036115]}, {""element"": ""H"", ""fractional_coordinates"": [0.52710469, 0.72146226, 0.01288351], ""cartesian_coordinates"": [1.7232224266758054, 4.068119889312381, 0.029847742719222897]}, {""element"": ""H"", ""fractional_coordinates"": [0.35882396, 0.32026176, 0.00175026], ""cartesian_coordinates"": [1.2002218957290824, 1.814586119045914, -0.006476915195345801]}, {""element"": ""H"", ""fractional_coordinates"": [0.88324759, 0.37538458, 0.72971879], ""cartesian_coordinates"": [1.78299171816893, 0.10315083481094242, 3.7185696432728674]}, {""element"": ""H"", ""fractional_coordinates"": [0.16204356, 0.65266803, 0.28255553], ""cartesian_coordinates"": [0.026595777972318768, 2.9356499492039854, 1.4119189517035466]}, {""element"": ""O"", ""fractional_coordinates"": [0.5285863, 0.88884114, 0.00802117], ""cartesian_coordinates"": [1.7212778138902893, 5.035863841166723, -0.003974207371801506]}, {""element"": ""O"", ""fractional_coordinates"": [0.07731351, 0.31117879, 0.00394816], ""cartesian_coordinates"": [0.23075749123627465, 1.7618328004533101, 0.0039381328372643]}, {""element"": ""O"", ""fractional_coordinates"": [0.80081432, 0.39603256, 0.57127453], ""cartesian_coordinates"": [1.7620776351442793, 0.6612001428819841, 2.90620741322623]}, {""element"": ""O"", ""fractional_coordinates"": [0.23739505, 0.83033701, 0.44070695], ""cartesian_coordinates"": [0.0057499679095533544, 3.5092369468745512, 2.212151175798666]}]}"
mp-2220557,Ta2CuO6,9,"[{""@module"": ""pymatgen.core.periodic_table"", ""@class"": ""Element"", ""element"": ""Cu""}, {""@module"": ""pymatgen.core.periodic_table"", ""@class"": ""Element"", ""element"": ""O""}, {""@module"": ""pymatgen.core.periodic_table"", ""@class"": ""Element"", ""element"": ""Ta""}]","{""Ta"": 2.0, ""Cu"": 1.0, ""O"": 6.0}",7.720944844475193,112.14539854216669,"{""crystal_system"": ""Orthorhombic"", ""symbol"": ""Imm2"", ""hall"": ""I 2 -2"", ""number"": 44, ""point_group"": ""mm2"", ""symprec"": 0.1, ""angle_tolerance"": 5.0, ""version"": ""2.7.0""}",133.739,76.212,1.401,0.261,"{""lattice_matrix"": [[5.695133, -0.182735, -0.122676], [2.989656, 4.477993, -0.10584], [2.991991, 1.49143, 4.226326]], ""a"": 5.699384297350899, ""b"": 5.385319527380432, ""c"": 5.388710889188341, ""alpha"": 58.46884826503159, ""beta"": 58.057784792653976, ""gamma"": 58.09598534680505, ""volume"": 112.14539854216669, ""atoms"": [{""element"": ""Ta"", ""fractional_coordinates"": [0.002316, 0.001956, 0.993064], ""cartesian_coordinates"": [2.990276245588, 1.4894211815679999, 4.196521062208]}, {""element"": ""Ta"", ""fractional_coordinates"": [0.497476, 0.507019, 0.498065], ""cartesian_coordinates"": [5.839210377186999, 2.922350338957, 1.990293802454]}, {""element"": ""Cu"", ""fractional_coordinates"": [0.750492, 0.838305, 0.661848], ""cartesian_coordinates"": [8.760638587884001, 4.603882728885, 2.616391852656]}, {""element"": ""O"", ""fractional_coordinates"": [0.162537, 0.773863, 0.34922], ""cartesian_coordinates"": [4.2841170905690005, 3.9564890828639996, 1.374072516788]}, {""element"": ""O"", ""fractional_coordinates"": [0.338305, 0.15011, 0.726171], ""cartesian_coordinates"": [4.548166328186, 1.693404579585, 3.011645831166]}, {""element"": ""O"", ""fractional_coordinates"": [0.750253, 0.399649, 0.100437], ""cartesian_coordinates"": [5.76811024946, 1.802322697412, 0.29014261727400004]}, {""element"": ""O"", ""fractional_coordinates"": [0.249561, 0.647287, 0.852717], ""cartesian_coordinates"": [5.907770139432, 4.124710840965999, 3.504736026426]}, {""element"": ""O"", ""fractional_coordinates"": [0.708993, 0.780135, 0.348192], ""cartesian_coordinates"": [7.411932044901, 3.88318522776, 1.3020269889240002]}, {""element"": ""O"", ""fractional_coordinates"": [0.790868, 0.152475, 0.720288], ""cartesian_coordinates"": [7.115041457452, 1.612521850535, 2.93101342512]}]}"
mp-2224869,CuTeO4,6,"[{""@module"": ""pymatgen.core.periodic_table"", ""@class"": ""Element"", ""element"": ""Cu""}, {""@module"": ""pymatgen.core.periodic_table"", ""@class"": ""Element"", ""element"": ""O""}, {""@module"": ""pymatgen.core.periodic_table"", ""@class"": ""Element"", ""element"": ""Te""}]","{""Cu"": 1.0, ""Te"": 1.0, ""O"": 4.0}",5.47875267319916,77.33072493989832,"{""crystal_system"": ""Orthorhombic"", ""symbol"": ""Cmmm"", ""hall"": ""-C 2 2"", ""number"": 65, ""point_group"": ""mmm"", ""symprec"": 0.1, ""angle_tolerance"": 5.0, ""version"": ""2.7.0""}",67.337,37.194,27.434,0.267,"{""lattice_matrix"": [[3.03121394, 0.0, 0.0], [0.0, 5.10619407, -0.46050959], [0.0, 1.67569041, 4.84505654]], ""a"": 3.03121394, ""b"": 5.126917881435701, ""c"": 5.12664717197924, ""alpha"": 76.07512635341419, ""beta"": 90.0, ""gamma"": 90.0, ""volume"": 77.3307249398983, ""atoms"": [{""element"": ""Cu"", ""fractional_coordinates"": [0.0, -0.0, -0.0], ""cartesian_coordinates"": [0.0, 0.0, 0.0]}, {""element"": ""Te"", ""fractional_coordinates"": [0.5, 0.5, 0.5], ""cartesian_coordinates"": [1.51560697, 3.39094224, 2.192273475]}, {""element"": ""O"", ""fractional_coordinates"": [0.0, 0.66152943, 0.66332129], ""cartesian_coordinates"": [0.0, 4.489418776998309, 2.9091885076535027]}, {""element"": ""O"", ""fractional_coordinates"": [0.5, 0.80988579, 0.19230125], ""cartesian_coordinates"": [1.51560697, 4.457671378731279, 0.5587502558629489]}, {""element"": ""O"", ""fractional_coordinates"": [0.0, 0.33847057, 0.33667871], ""cartesian_coordinates"": [0.0, 2.292465703001691, 1.475358442346497]}, {""element"": ""O"", ""fractional_coordinates"": [0.5, 0.19011421, 0.80769875], ""cartesian_coordinates"": [1.51560697, 2.324213101268722, 3.825796694137051]}]}"
mp-2346983,ZnO,4,"[{""@module"": ""pymatgen.core.periodic_table"", ""@class"": ""Element"", ""element"": ""O""}, {""@module"": ""pymatgen.core.periodic_table"", ""@class"": ""Element"", ""element"": ""Zn""}]","{""Zn"": 2.0, ""O"": 2.0}",4.049918989511721,66.75779396494303,"{""crystal_system"": ""Hexagonal"", ""symbol"": ""P6_3/mmc"", ""hall"": ""-P 6c 2c"", ""number"": 194, ""point_group"": ""6/mmm"", ""symprec"": 0.1, ""angle_tolerance"": 5.0, ""version"": ""2.7.0""}",47.923,11.264,-11.228,0.391,"{""lattice_matrix"": [[1.64398363, -2.84746294, 0.0], [1.64398363, 2.84746294, -0.0], [0.0, -0.0, 7.13044135]], ""a"": 3.287967057374727, ""b"": 3.287967057374727, ""c"": 7.13044135, ""alpha"": 90.0, ""beta"": 90.0, ""gamma"": 119.9999959228362, ""volume"": 66.75779396494303, ""atoms"": [{""element"": ""Zn"", ""fractional_coordinates"": [0.0, 0.0, 0.44336633], ""cartesian_coordinates"": [0.0, 0.0, 3.161397612629745]}, {""element"": ""Zn"", ""fractional_coordinates"": [0.0, 0.0, 0.94336633], ""cartesian_coordinates"": [0.0, 0.0, 6.726618287629746]}, {""element"": ""O"", ""fractional_coordinates"": [0.666667, 0.333333, 0.94383367], ""cartesian_coordinates"": [1.64398363, -0.9491562116419602, 6.729950628090254]}, {""element"": ""O"", ""fractional_coordinates"": [0.333333, 0.666667, 0.44383367], ""cartesian_coordinates"": [1.64398363, 0.9491562116419601, 3.1647299530902546]}]}"
mp-2349989,NbAgO3,10,"[{""@module"": ""pymatgen.core.periodic_table"", ""@class"": ""Element"", ""element"": ""Ag""}, {""@module"": ""pymatgen.core.periodic_table"", ""@class"": ""Element"", ""element"": ""Nb""}, {""@module"": ""pymatgen.core.periodic_table"", ""@class"": ""Element"", ""element"": ""O""}]","{""Nb"": 2.0, ""Ag"": 2.0, ""O"": 6.0}",6.0294169161547755,137.02715410739583,"{""crystal_system"": ""Orthorhombic"", ""symbol"": ""Pmmm"", ""hall"": ""-P 2 2"", ""number"": 47, ""point_group"": ""mmm"", ""symprec"": 0.1, ""angle_tolerance"": 5.0, ""version"": ""2.7.0""}",117.29,40.927,6.025,0.34400000000000003,"{""lattice_matrix"": [[3.91606301, -5.62021414, 0.0], [3.91606301, 5.62021414, 0.0], [0.0, 0.0, 3.11296407]], ""a"": 6.849989523915069, ""b"": 6.849989523915069, ""c"": 3.11296407, ""alpha"": 90.0, ""beta"": 90.0, ""gamma"": 110.26383520065332, ""volume"": 137.02715410739583, ""atoms"": [{""element"": ""Nb"", ""fractional_coordinates"": [0.5, -0.0, 0.0], ""cartesian_coordinates"": [1.958031505, -2.81010707, 0.0]}, {""element"": ""Nb"", ""fractional_coordinates"": [0.0, 0.5, 0.0], ""cartesian_coordinates"": [1.958031505, 2.81010707, 0.0]}, {""element"": ""Ag"", ""fractional_coordinates"": [0.5, 0.5, 0.5], ""cartesian_coordinates"": [3.91606301, 0.0, 1.556482035]}, {""element"": ""Ag"", ""fractional_coordinates"": [0.0, -0.0, 0.5], ""cartesian_coordinates"": [0.0, 0.0, 1.556482035]}, {""element"": ""O"", ""fractional_coordinates"": [0.74822199, 0.25177801, 0.0], ""cartesian_coordinates"": [3.91606301, -2.790121476113877, 0.0]}, {""element"": ""O"", ""fractional_coordinates"": [0.62075512, 0.88192192, 0.5], ""cartesian_coordinates"": [5.88457797232029, 1.467813342258552, 1.556482035]}, {""element"": ""O"", ""fractional_coordinates"": [0.25177801, 0.74822199, 0.0], ""cartesian_coordinates"": [3.91606301, 2.7901214761138773, 0.0]}, {""element"": ""O"", ""fractional_coordinates"": [0.88192192, 0.62075512, 0.5], ""cartesian_coordinates"": [5.88457797232029, -1.4678133422585522, 1.556482035]}, {""element"": ""O"", ""fractional_coordinates"": [0.11807808, 0.37924488, 0.5], ""cartesian_coordinates"": [1.9475480476797096, 1.467813342258552, 1.556482035]}, {""element"": ""O"", ""fractional_coordinates"": [0.37924488, 0.11807808, 0.5], ""cartesian_coordinates"": [1.9475480476797096, -1.467813342258552, 1.556482035]}]}"
mp-2350391,PbS,4,"[{""@module"": ""pymatgen.core.periodic_table"", ""@class"": ""Element"", ""element"": ""Pb""}, {""@module"": ""pymatgen.core.periodic_table"", ""@class"": ""Element"", ""element"": ""S""}]","{""Pb"": 2.0, ""S"": 2.0}",3.893559464729417,204.085173951622,"{""crystal_system"": ""Tetragonal"", ""symbol"": ""P4/nmm"", ""hall"": ""P 4ab 2ab -1ab"", ""number"": 129, ""point_group"": ""4/mmm"", ""symprec"": 0.1, ""angle_tolerance"": 5.0, ""version"": ""2.7.0""}",6.9510000000000005,4.85,-778.76,0.217,"{""lattice_matrix"": [[3.00437503, -3.00618079, 0.0], [3.00437503, 3.00618079, 0.0], [0.0, 0.0, 11.29827708]], ""a"": 4.250104970827489, ""b"": 4.250104970827489, ""c"": 11.29827708, ""alpha"": 90.0, ""beta"": 90.0, ""gamma"": 90.03442690719433, ""volume"": 204.085173951622, ""atoms"": [{""element"": ""Pb"", ""fractional_coordinates"": [0.25663803, 0.24336197, 0.3754186], ""cartesian_coordinates"": [1.502187515, -0.03991023653888741, 4.241583363785688]}, {""element"": ""Pb"", ""fractional_coordinates"": [0.75663803, 0.74336197, 0.6245814], ""cartesian_coordinates"": [4.5065625449999995, -0.0399102365388871, 7.056693716214312]}, {""element"": ""S"", ""fractional_coordinates"": [0.76436197, 0.73563803, 0.38632475], ""cartesian_coordinates"": [4.5065625449999995, -0.08634935664111236, 4.36480406836173]}, {""element"": ""S"", ""fractional_coordinates"": [0.26436197, 0.23563803, 0.61367525], ""cartesian_coordinates"": [1.502187515, -0.08634935664111264, 6.93347301163827]}]}"
mp-2351841,Si,4,"[{""@module"": ""pymatgen.core.periodic_table"", ""@class"": ""Element"", ""element"": ""Si""}]","{""Si"": 4.0}",2.9976855046266477,62.2307709707008,"{""crystal_system"": ""Orthorhombic"", ""symbol"": ""Cmcm"", ""hall"": ""-C 2c 2"", ""number"": 63, ""point_group"": ""mmm"", ""symprec"": 0.1, ""angle_tolerance"": 5.0, ""version"": ""2.7.0""}",82.314,205.333,-3.949,-0.181,"{""lattice_matrix"": [[1.72401566, -5.18994551, 0.0], [1.72401566, 5.18994551, -0.0], [0.0, 0.0, 3.47753237]], ""a"": 5.468799172825274, ""b"": 5.468799172825274, ""c"": 3.47753237, ""alpha"": 90.0, ""beta"": 90.0, ""gamma"": 143.24870055322262, ""volume"": 62.2307709707008, ""atoms"": [{""element"": ""Si"", ""fractional_coordinates"": [0.90613985, 0.09386015, 0.75], ""cartesian_coordinates"": [1.72401566, -4.215687381879147, 2.6081492775]}, {""element"": ""Si"", ""fractional_coordinates"": [0.66462325, 0.33537675, 0.75], ""cartesian_coordinates"": [1.72401566, -1.708771394358215, 2.6081492775]}, {""element"": ""Si"", ""fractional_coordinates"": [0.09386015, 0.90613985, 0.25], ""cartesian_coordinates"": [1.72401566, 4.215687381879147, 0.8693830925]}, {""element"": ""Si"", ""fractional_coordinates"": [0.33537675, 0.66462325, 0.25], ""cartesian_coordinates"": [1.72401566, 1.708771394358215, 0.8693830925]}]}"
mp-2352325,HBr,2,"[{""@module"": ""pymatgen.core.periodic_table"", ""@class"": ""Element"", ""element"": ""Br""}, {""@module"": ""pymatgen.core.periodic_table"", ""@class"": ""Element"", ""element"": ""H""}]","{""H"": 1.0, ""Br"": 1.0}",2.09616421934145,64.0968089581845,"{""crystal_system"": ""Tetragonal"", ""symbol"": ""I4/mmm"", ""hall"": ""-I 4 2"", ""number"": 139, ""point_group"": ""4/mmm"", ""symprec"": 0.1, ""angle_tolerance"": 5.0, ""version"": ""2.7.0""}",9.513,5.496,-497.169,0.258,"{""lattice_matrix"": [[0.0, 4.38503369, 4.35058854], [1.67990788, 0.0, 4.35058854], [1.67990788, 4.38503369, 0.0]], ""a"": 6.177065735995883, ""b"": 4.663658556290912, ""c"": 4.695807805662526, ""alpha"": 82.59600898025715, ""beta"": 48.47795925887884, ""gamma"": 48.92603176086402, ""volume"": 64.09680895818451, ""atoms"": [{""element"": ""H"", ""fractional_coordinates"": [0.0, 0.0, 0.0], ""cartesian_coordinates"": [0.0, 0.0, 0.0]}, {""element"": ""Br"", ""fractional_coordinates"": [0.5, 0.5, 0.5], ""cartesian_coordinates"": [1.67990788, 4.38503369, 4.35058854]}]}"
mp-2352722,Al2O3,15,"[{""@module"": ""pymatgen.core.periodic_table"", ""@class"": ""Element"", ""element"": ""Al""}, {""@module"": ""pymatgen.core.periodic_table"", ""@class"": ""Element"", ""element"": ""O""}]","{""Al"": 6.0, ""O"": 9.0}",2.5169199862349143,201.80699255464478,"{""crystal_system"": ""Hexagonal"", ""symbol"": ""P-6m2"", ""hall"": ""P -6 2"", ""number"": 187, ""point_group"": ""-6m2"", ""symprec"": 0.1, ""angle_tolerance"": 5.0, ""version"": ""2.7.0""}",42.688,0.799,-268.623,0.491,"{""lattice_matrix"": [[2.49789864, -4.32648762, -0.0], [2.49789864, 4.32648762, 0.0], [-0.0, -0.0, 9.33675446]], ""a"": 4.995797508078876, ""b"": 4.995797508078876, ""c"": 9.33675446, ""alpha"": 90.0, ""beta"": 90.0, ""gamma"": 120.00000302045407, ""volume"": 201.80699255464478, ""atoms"": [{""element"": ""Al"", ""fractional_coordinates"": [0.666667, 0.333333, 0.14984279], ""cartesian_coordinates"": [2.49789864, -1.44216542432508, 1.3990453378313434]}, {""element"": ""Al"", ""fractional_coordinates"": [0.0, 0.0, 0.14998967], ""cartesian_coordinates"": [0.0, 0.0, 1.4004167203264282]}, {""element"": ""Al"", ""fractional_coordinates"": [0.333333, 0.666667, 0.15014454], ""cartesian_coordinates"": [2.49789864, 1.44216542432508, 1.4018627034896483]}, {""element"": ""Al"", ""fractional_coordinates"": [0.666667, 0.333333, 0.84985546], ""cartesian_coordinates"": [2.49789864, -1.44216542432508, 7.934891756510352]}, {""element"": ""Al"", ""fractional_coordinates"": [0.0, 0.0, 0.85001033], ""cartesian_coordinates"": [0.0, 0.0, 7.936337739673572]}, {""element"": ""Al"", ""fractional_coordinates"": [0.333333, 0.666667, 0.85015721], ""cartesian_coordinates"": [2.49789864, 1.44216542432508, 7.937709122168656]}, {""element"": ""O"", ""fractional_coordinates"": [-8.087e-05, 0.66663017, 0.22231692], ""cartesian_coordinates"": [1.664972589962952, 2.8845170606773247, 2.0757184943434632]}, {""element"": ""O"", ""fractional_coordinates"": [0.33336983, 0.33328896, 0.22231692], ""cartesian_coordinates"": [1.6652460848850454, -0.0003498830538292934, 2.0757184943434632]}, {""element"": ""O"", ""fractional_coordinates"": [0.66671104, 8.087e-05, 0.22231692], ""cartesian_coordinates"": [1.6655786051520023, -2.884167177623495, 2.0757184943434632]}, {""element"": ""O"", ""fractional_coordinates"": [0.333331, 0.0, 0.0], ""cartesian_coordinates"": [0.83262705156984, -1.44215244486222, 0.0]}, {""element"": ""O"", ""fractional_coordinates"": [0.0, 0.333331, 0.0], ""cartesian_coordinates"": [0.83262705156984, 1.44215244486222, 0.0]}, {""element"": ""O"", ""fractional_coordinates"": [0.666669, 0.666669, 0.0], ""cartesian_coordinates"": [3.3305431768603198, -1.3190939161830784e-16, 0.0]}, {""element"": ""O"", ""fractional_coordinates"": [0.33328896, 0.33336983, 0.77768308], ""cartesian_coordinates"": [1.6652460848850454, 0.00034988305382923767, 7.261035965656537]}, {""element"": ""O"", ""fractional_coordinates"": [0.66663017, -8.087e-05, 0.77768308], ""cartesian_coordinates"": [1.664972589962952, -2.884517060677325, 7.261035965656537]}, {""element"": ""O"", ""fractional_coordinates"": [8.087e-05, 0.66671104, 0.77768308], ""cartesian_coordinates"": [1.6655786051520023, 2.8841671776234956, 7.261035965656537]}]}"
mp-2352785,Zn(InS2)2,14,"[{""@module"": ""pymatgen.core.periodic_table"", ""@class"": ""Element"", ""element"": ""In""}, {""@module"": ""pymatgen.core.periodic_table"", ""@class"": ""Element"", ""element"": ""S""}, {""@module"": ""pymatgen.core.periodic_table"", ""@class"": ""Element"", ""element"": ""Zn""}]","{""Zn"": 2.0, ""In"": 4.0, ""S"": 8.0}",3.727881452854214,377.1120404223161,"{""crystal_system"": ""Trigonal"", ""symbol"": ""P-3m1"", ""hall"": ""-P 3 2\"""", ""number"": 164, ""point_group"": ""-3m"", ""symprec"": 0.1, ""angle_tolerance"": 5.0, ""version"": ""2.7.0""}",12.842,8.873,33.789,0.219,"{""lattice_matrix"": [[1.96454687, -3.40269363, 0.0], [1.96454687, 3.40269363, -0.0], [0.0, 0.0, 28.20688711]], ""a"": 3.929092559875546, ""b"": 3.929092559875546, ""c"": 28.20688711, ""alpha"": 90.0, ""beta"": 90.0, ""gamma"": 119.99998012864089, ""volume"": 377.1120404223161, ""atoms"": [{""element"": ""Zn"", ""fractional_coordinates"": [0.333333, 0.666667, 0.53639817], ""cartesian_coordinates"": [1.96454687, 1.13423347846242, 15.130122627200588]}, {""element"": ""Zn"", ""fractional_coordinates"": [0.666667, 0.333333, 0.46360183], ""cartesian_coordinates"": [1.96454687, -1.13423347846242, 13.076764482799412]}, {""element"": ""In"", ""fractional_coordinates"": [0.333333, 0.666667, 0.12451999], ""cartesian_coordinates"": [1.96454687, 1.13423347846242, 3.512321300868329]}, {""element"": ""In"", ""fractional_coordinates"": [0.666667, 0.333333, 0.87548001], ""cartesian_coordinates"": [1.96454687, -1.13423347846242, 24.69456580913167]}, {""element"": ""In"", ""fractional_coordinates"": [-0.0, -0.0, 0.73228767], ""cartesian_coordinates"": [0.0, 0.0, 20.65555563973493]}, {""element"": ""In"", ""fractional_coordinates"": [-0.0, -0.0, 0.26771233], ""cartesian_coordinates"": [0.0, 0.0, 7.551331470265066]}, {""element"": ""S"", ""fractional_coordinates"": [0.666667, 0.333333, 0.5553652], ""cartesian_coordinates"": [1.96454687, -1.13423347846242, 15.665123501222572]}, {""element"": ""S"", ""fractional_coordinates"": [0.333333, 0.666667, 0.20997857], ""cartesian_coordinates"": [1.96454687, 1.13423347846242, 5.922841819509233]}, {""element"": ""S"", ""fractional_coordinates"": [0.666667, 0.333333, 0.08389551], ""cartesian_coordinates"": [1.96454687, -1.13423347846242, 2.3664311796058763]}, {""element"": ""S"", ""fractional_coordinates"": [0.333333, 0.666667, 0.91610449], ""cartesian_coordinates"": [1.96454687, 1.13423347846242, 25.840455930394125]}, {""element"": ""S"", ""fractional_coordinates"": [0.666667, 0.333333, 0.79002143], ""cartesian_coordinates"": [1.96454687, -1.13423347846242, 22.284045290490766]}, {""element"": ""S"", ""fractional_coordinates"": [0.666667, 0.333333, 0.31037466], ""cartesian_coordinates"": [1.96454687, -1.13423347846242, 8.754702996424633]}, {""element"": ""S"", ""fractional_coordinates"": [0.333333, 0.666667, 0.4446348], ""cartesian_coordinates"": [1.96454687, 1.13423347846242, 12.541763608777428]}, {""element"": ""S"", ""fractional_coordinates"": [0.333333, 0.666667, 0.68962534], ""cartesian_coordinates"": [1.96454687, 1.13423347846242, 19.452184113575367]}]}"
mp-2353285,TlCoCl3,10,"[{""@module"": ""pymatgen.core.periodic_table"", ""@class"": ""Element"", ""element"": ""Cl""}, {""@module"": ""pymatgen.core.periodic_table"", ""@class"": ""Element"", ""element"": ""Co""}, {""@module"": ""pymatgen.core.periodic_table"", ""@class"": ""Element"", ""element"": ""Tl""}]","{""Tl"": 2.0, ""Co"": 2.0, ""Cl"": 6.0}",4.829546177954441,254.21047015636617,"{""crystal_system"": ""Monoclinic"", ""symbol"": ""C2/m"", ""hall"": ""-C 2y"", ""number"": 12, ""point_group"": ""2/m"", ""symprec"": 0.1, ""angle_tolerance"": 5.0, ""version"": ""2.7.0""}",17.198,6.688,-0.152,0.328,"{""lattice_matrix"": [[3.51828281, -6.10839375, -0.00654078], [3.51817744, 6.108345, 0.0064321], [-9.162e-05, 0.00866382, 5.91445293]], ""a"": 7.0491723569496845, ""b"": 7.049077422632012, ""c"": 5.914459276329223, ""alpha"": 89.87543291503816, ""beta"": 90.12633530350432, ""gamma"": 120.11882825285294, ""volume"": 254.2104701563662, ""atoms"": [{""element"": ""Tl"", ""fractional_coordinates"": [0.67104401, 0.32896502, 0.74148417], ""cartesian_coordinates"": [3.518211982269962, -2.0831451161853085, 4.383200006470533]}, {""element"": ""Tl"", ""fractional_coordinates"": [0.32895599, 0.67103498, 0.25851583], ""cartesian_coordinates"": [3.5181566477300383, 2.091760186185308, 1.5311442435294678]}, {""element"": ""Co"", ""fractional_coordinates"": [-0.0, 0.0, 0.0], ""cartesian_coordinates"": [0.0, 0.0, 0.0]}, {""element"": ""Co"", ""fractional_coordinates"": [-0.0, 0.0, 0.5], ""cartesian_coordinates"": [-4.581e-05, 0.00433191, 2.957226465]}, {""element"": ""Cl"", ""fractional_coordinates"": [0.16009242, 0.8399091, 0.75280101], ""cartesian_coordinates"": [3.518130684939468, 4.159069146135583, 4.456761389324682]}, {""element"": ""Cl"", ""fractional_coordinates"": [0.68455749, 0.84125982, 0.74779926], ""cartesian_coordinates"": [5.368099656058007, 0.963637319950985, 4.423757051707612]}, {""element"": ""Cl"", ""fractional_coordinates"": [0.84125624, 0.68455851, 0.25219712], ""cartesian_coordinates"": [5.368152567939115, -0.9550198163463521, 1.4905086721242655]}, {""element"": ""Cl"", ""fractional_coordinates"": [0.83990758, 0.1600909, 0.24719899], ""cartesian_coordinates"": [3.5182379450605326, -4.150454076135583, 1.4575828606753185]}, {""element"": ""Cl"", ""fractional_coordinates"": [0.15874376, 0.31544149, 0.74780288], ""cartesian_coordinates"": [1.6682160620608857, 0.9636348863463513, 4.423835577875734]}, {""element"": ""Cl"", ""fractional_coordinates"": [0.31544251, 0.15874018, 0.25220074], ""cartesian_coordinates"": [1.6682689739419936, -0.9550222499509858, 1.4905871982923884]}]}"
mp-2353328,ZrCl3,8,"[{""@module"": ""pymatgen.core.periodic_table"", ""@class"": ""Element"", ""element"": ""Cl""}, {""@module"": ""pymatgen.core.periodic_table"", ""@class"": ""Element"", ""element"": ""Zr""}]","{""Zr"": 2.0, ""Cl"": 6.0}",2.7464127680318553,238.92569585564553,"{""crystal_system"": ""Monoclinic"", ""symbol"": ""C2/m"", ""hall"": ""-C 2y"", ""number"": 12, ""point_group"": ""2/m"", ""symprec"": 0.1, ""angle_tolerance"": 5.0, ""version"": ""2.7.0""}",7.86,4.879,22.359,0.243,"{""lattice_matrix"": [[3.07998359, -5.5260628, -0.0041294], [3.07998359, 5.5260628, -0.0041294], [-0.00477537, 0.0, 7.01889978]], ""a"": 6.326427588786383, ""b"": 6.326427588786383, ""c"": 7.018901404482235, ""alpha"": 90.05637622731211, ""beta"": 90.05637622731211, ""gamma"": 121.73322271882162, ""volume"": 238.92569585564553, ""atoms"": [{""element"": ""Zr"", ""fractional_coordinates"": [0.68037325, 0.31962675, -0.0], ""cartesian_coordinates"": [3.07998359, -1.9935078138802003, -0.0041294]}, {""element"": ""Zr"", ""fractional_coordinates"": [0.31962675, 0.68037325, -0.0], ""cartesian_coordinates"": [3.07998359, 1.9935078138802, -0.0041294]}, {""element"": ""Cl"", ""fractional_coordinates"": [0.66220897, 0.66220897, 0.1920121], ""cartesian_coordinates"": [4.078268592679628, 1.2071452547615991e-17, 1.3422446350059019]}, {""element"": ""Cl"", ""fractional_coordinates"": [0.33779103, 0.33779103, 0.8079879], ""cartesian_coordinates"": [2.076923217320372, -1.2071452547615991e-17, 5.668396344994098]}, {""element"": ""Cl"", ""fractional_coordinates"": [0.99805018, 0.33944135, 0.22737163], ""cartesian_coordinates"": [4.11836618050324, -3.6395137552145242, 1.5903756462612593]}, {""element"": ""Cl"", ""fractional_coordinates"": [0.33944135, 0.99805018, 0.22737163], ""cartesian_coordinates"": [4.11836618050324, 3.6395137552145242, 1.5903756462612593]}, {""element"": ""Cl"", ""fractional_coordinates"": [0.66055865, 0.00194982, 0.77262837], ""cartesian_coordinates"": [2.0368256294967604, -3.6395137552145242, 5.42026533373874]}, {""element"": ""Cl"", ""fractional_coordinates"": [0.00194982, 0.66055865, 0.77262837], ""cartesian_coordinates"": [2.0368256294967604, 3.6395137552145242, 5.42026533373874]}]}"
mp-2355707,NbSeI,12,"[{""@module"": ""pymatgen.core.periodic_table"", ""@class"": ""Element"", ""element"": ""I""}, {""@module"": ""pymatgen.core.periodic_table"", ""@class"": ""Element"", ""element"": ""Nb""}, {""@module"": ""pymatgen.core.periodic_table"", ""@class"": ""Element"", ""element"": ""Se""}]","{""Nb"": 4.0, ""Se"": 4.0, ""I"": 4.0}",6.021480156101113,329.567253378228,"{""crystal_system"": ""Orthorhombic"", ""symbol"": ""Imm2"", ""hall"": ""I 2 -2"", ""number"": 44, ""point_group"": ""mm2"", ""symprec"": 0.1, ""angle_tolerance"": 5.0, ""version"": ""2.7.0""}",15.322,-4.103,261762739585.889,0.647,"{""lattice_matrix"": [[0.0660295, 5.49816032, 5.47494695], [5.54097645, 0.0, 5.54097645], [5.47494695, 5.49816032, 0.0660295]], ""a"": 7.759456869176287, ""b"": 7.836124044379925, ""c"": 7.759456869176286, ""alpha"": 59.67261448610278, ""beta"": 59.063517436717184, ""gamma"": 59.67261448610278, ""volume"": 329.56725337822803, ""atoms"": [{""element"": ""Nb"", ""fractional_coordinates"": [0.40069843, 0.39848754, 0.40069843], ""cartesian_coordinates"": [4.428270638940406, 4.406208416224596, 4.428270638940407]}, {""element"": ""Nb"", ""fractional_coordinates"": [0.40069843, 0.8001156, 0.40069843], ""cartesian_coordinates"": [6.653682261059593, 4.406208416224596, 6.653682261059593]}, {""element"": ""Nb"", ""fractional_coordinates"": [0.7869505, 0.39983459, 0.41338032], ""cartesian_coordinates"": [4.53067131729918, 6.599611285397063, 6.5512815827008195]}, {""element"": ""Nb"", ""fractional_coordinates"": [0.41338032, 0.39983459, 0.7869505], ""cartesian_coordinates"": [6.55128158270082, 6.599611285397063, 4.530671317299179]}, {""element"": ""Se"", ""fractional_coordinates"": [0.62871747, 0.10281608, 0.62871747], ""cartesian_coordinates"": [4.053410172934897, 6.913578892089581, 4.053410172934897]}, {""element"": ""Se"", ""fractional_coordinates"": [0.62887063, 0.6294827, 0.11216296], ""cartesian_coordinates"": [4.143559085400971, 4.074321480325149, 6.938388218212813]}, {""element"": ""Se"", ""fractional_coordinates"": [0.11216296, 0.6294827, 0.62887063], ""cartesian_coordinates"": [6.938388218212813, 4.074321480325149, 4.143559085400971]}, {""element"": ""Se"", ""fractional_coordinates"": [0.62871747, 0.63974797, 0.62871747], ""cartesian_coordinates"": [7.028537130678887, 6.913578892089581, 7.028537130678887]}, {""element"": ""I"", ""fractional_coordinates"": [0.1285785, 0.12916931, 0.1285785], ""cartesian_coordinates"": [1.4281745452490746, 1.4138904134102401, 1.4281745452490744]}, {""element"": ""I"", ""fractional_coordinates"": [0.6184454, 0.12867711, 0.12420037], ""cartesian_coordinates"": [1.433822913623731, 4.083185504429847, 4.107153480966504]}, {""element"": ""I"", ""fractional_coordinates"": [0.1285785, 0.6136737, 0.1285785], ""cartesian_coordinates"": [4.11280196016069, 1.4138904134102401, 4.11280196016069]}, {""element"": ""I"", ""fractional_coordinates"": [0.12420037, 0.12867711, 0.6184454], ""cartesian_coordinates"": [4.107153480966504, 4.083185504429847, 1.433822913623731]}]}"
mp-2356674,Li2NbF6,9,"[{""@module"": ""pymatgen.core.periodic_table"", ""@class"": ""Element"", ""element"": ""F""}, {""@module"": ""pymatgen.core.periodic_table"", ""@class"": ""Element"", ""element"": ""Li""}, {""@module"": ""pymatgen.core.periodic_table"", ""@class"": ""Element"", ""element"": ""Nb""}]","{""Li"": 2.0, ""Nb"": 1.0, ""F"": 6.0}",3.5444167277203507,103.43361117603004,"{""crystal_system"": ""Monoclinic"", ""symbol"": ""C2/m"", ""hall"": ""-C 2y"", ""number"": 12, ""point_group"": ""2/m"", ""symprec"": 0.1, ""angle_tolerance"": 5.0, ""version"": ""2.7.0""}",58.448,128.338,-4.372,-0.134,"{""lattice_matrix"": [[2.48051539, -4.31023166, 0.04545286], [2.58260981, 4.36929117, -0.02546372], [0.01906444, -0.03892744, 4.70840031]], ""a"": 4.973240344621944, ""b"": 5.075551906934304, ""c"": 4.70859982135513, ""alpha"": 90.57717570781068, ""beta"": 88.95007026207082, ""gamma"": 119.49448541263631, ""volume"": 103.43361117603004, ""atoms"": [{""element"": ""Li"", ""fractional_coordinates"": [0.33032202, 0.6609979, 0.50002122], ""cartesian_coordinates"": [2.536001139742704, 1.4448633132191133, 2.3524826823383678]}, {""element"": ""Li"", ""fractional_coordinates"": [0.66967798, 0.3390021, 0.49997878], ""cartesian_coordinates"": [2.5461885002572964, -1.4247312432191133, 2.3759067676616326]}, {""element"": ""Nb"", ""fractional_coordinates"": [-0.0, 0.0, 0.0], ""cartesian_coordinates"": [0.0, 0.0, 0.0]}, {""element"": ""F"", ""fractional_coordinates"": [0.31594633, 0.9995632, 0.25408314], ""cartesian_coordinates"": [3.370035412791552, 2.995689983002775, 1.1852332019996732]}, {""element"": ""F"", ""fractional_coordinates"": [0.00314122, 0.32755982, 0.25744843], ""cartesian_coordinates"": [0.8586591591940392, 1.407643034965845, 1.203972153514172]}, {""element"": ""F"", ""fractional_coordinates"": [0.99685878, 0.67244018, 0.74255157], ""cartesian_coordinates"": [4.223530480805961, -1.3875109649658453, 3.524417296485828]}, {""element"": ""F"", ""fractional_coordinates"": [0.676726, 0.67310988, 0.25718013], ""cartesian_coordinates"": [3.42191243226664, 0.014155860698832302, 1.2245262544406468]}, {""element"": ""F"", ""fractional_coordinates"": [0.68405367, 0.0004368, 0.74591686], ""cartesian_coordinates"": [1.7121542272084476, -2.9755579130027745, 3.5431562480003267]}, {""element"": ""F"", ""fractional_coordinates"": [0.323274, 0.32689012, 0.74281987], ""cartesian_coordinates"": [1.66027720773336, 0.005976209301167702, 3.5038631955593535]}]}"
mp-2356866,PdSeO4,12,"[{""@module"": ""pymatgen.core.periodic_table"", ""@class"": ""Element"", ""element"": ""O""}, {""@module"": ""pymatgen.core.periodic_table"", ""@class"": ""Element"", ""element"": ""Pd""}, {""@module"": ""pymatgen.core.periodic_table"", ""@class"": ""Element"", ""element"": ""Se""}]","{""Pd"": 2.0, ""Se"": 2.0, ""O"": 8.0}",4.126421586789357,200.70719338966217,"{""crystal_system"": ""Monoclinic"", ""symbol"": ""C2/c"", ""hall"": ""-C 2yc"", ""number"": 15, ""point_group"": ""2/m"", ""symprec"": 0.1, ""angle_tolerance"": 5.0, ""version"": ""2.7.0""}",23.43,10.796,14.767,0.30000000000000004,"{""lattice_matrix"": [[3.22148884, 3.98081771, 0.12685454], [-3.22148884, 3.98081771, 0.12685454], [-0.0, 0.93372234, 7.85510891]], ""a"": 5.122596222699268, ""b"": 5.122596222699268, ""c"": 7.910409180072575, ""alpha"": 83.32032586369698, ""beta"": 83.32032586369698, ""gamma"": 77.93480590504926, ""volume"": 200.70719338966217, ""atoms"": [{""element"": ""Pd"", ""fractional_coordinates"": [0.0, 0.5, 0.5], ""cartesian_coordinates"": [-1.61074442, 2.457270025, 3.990981725]}, {""element"": ""Pd"", ""fractional_coordinates"": [0.5, -0.0, 0.0], ""cartesian_coordinates"": [1.61074442, 1.990408855, 0.06342727]}, {""element"": ""Se"", ""fractional_coordinates"": [0.93129272, 0.06870728, 0.25], ""cartesian_coordinates"": [2.7788093685064896, 4.214248295, 2.0906317675]}, {""element"": ""Se"", ""fractional_coordinates"": [0.06870728, 0.93129272, 0.75], ""cartesian_coordinates"": [-2.7788093685064896, 4.6811094650000005, 6.0181862225]}, {""element"": ""O"", ""fractional_coordinates"": [0.11404319, 0.25242284, 0.71042584], ""cartesian_coordinates"": [-0.44578849815810595, 2.122174940058657, 5.62696022533951]}, {""element"": ""O"", ""fractional_coordinates"": [0.79957298, 0.2378346, 0.42302405], ""cartesian_coordinates"": [1.8096339221696793, 4.524717472794519, 3.4544998456526987]}, {""element"": ""O"", ""fractional_coordinates"": [0.20042702, 0.7621654, 0.57697595], ""cartesian_coordinates"": [-1.8096339221696793, 4.3706402872054815, 4.654318144347301]}, {""element"": ""O"", ""fractional_coordinates"": [0.25242284, 0.11404319, 0.21042584], ""cartesian_coordinates"": [0.44578849815810595, 1.655313770058657, 1.6994057703395107]}, {""element"": ""O"", ""fractional_coordinates"": [0.74757716, 0.88595681, 0.78957416], ""cartesian_coordinates"": [-0.44578849815810606, 7.240043989941344, 6.4094122196604895]}, {""element"": ""O"", ""fractional_coordinates"": [0.7621654, 0.20042702, 0.07697595], ""cartesian_coordinates"": [1.809633922169679, 3.903779117205482, 0.7267636893473013]}, {""element"": ""O"", ""fractional_coordinates"": [0.2378346, 0.79957298, 0.92302405], ""cartesian_coordinates"": [-1.809633922169679, 4.991578642794519, 7.382054300652698]}, {""element"": ""O"", ""fractional_coordinates"": [0.88595681, 0.74757716, 0.28957416], ""cartesian_coordinates"": [0.44578849815810634, 6.7731828199413435, 2.48185776466049]}]}"
mp-2360071,CuBr2,3,"[{""@module"": ""pymatgen.core.periodic_table"", ""@class"": ""Element"", ""element"": ""Br""}, {""@module"": ""pymatgen.core.periodic_table"", ""@class"": ""Element"", ""element"": ""Cu""}]","{""Cu"": 1.0, ""Br"": 2.0}",4.076179192606278,90.98914097601644,"{""crystal_system"": ""Monoclinic"", ""symbol"": ""C2/m"", ""hall"": ""-C 2y"", ""number"": 12, ""point_group"": ""2/m"", ""symprec"": 0.1, ""angle_tolerance"": 5.0, ""version"": ""2.7.0""}",12.606,5.1,10.67,0.322,"{""lattice_matrix"": [[1.7465372, 4.16178731, -0.23250291], [-1.7465372, 4.16178731, -0.23250291], [0.0, 3.2964144, 6.07479738]], ""a"": 4.519394141676442, ""b"": 4.519394141676442, ""c"": 6.911549110335701, ""alpha"": 66.797221354498, ""beta"": 66.797221354498, ""gamma"": 45.46805168433892, ""volume"": 90.98914097601644, ""atoms"": [{""element"": ""Cu"", ""fractional_coordinates"": [0.0, 0.0, -0.0], ""cartesian_coordinates"": [0.0, 0.0, 0.0]}, {""element"": ""Br"", ""fractional_coordinates"": [0.49436401, 0.49436401, 0.76128952], ""cartesian_coordinates"": [4.276363829742991e-17, 6.6244014629745145, 4.39479743966892]}, {""element"": ""Br"", ""fractional_coordinates"": [0.50563599, 0.50563599, 0.23871048], ""cartesian_coordinates"": [-2.8693626475131847e-17, 4.995587557025487, 1.2149941203310806]}]}"
mp-2362466,GaAs,2,"[{""@module"": ""pymatgen.core.periodic_table"", ""@class"": ""Element"", ""element"": ""As""}, {""@module"": ""pymatgen.core.periodic_table"", ""@class"": ""Element"", ""element"": ""Ga""}]","{""Ga"": 1.0, ""As"": 1.0}",6.211213540754923,38.67006146742667,"{""crystal_system"": ""Tetragonal"", ""symbol"": ""I-4m2"", ""hall"": ""I -4 -2"", ""number"": 119, ""point_group"": ""-42m"", ""symprec"": 0.1, ""angle_tolerance"": 5.0, ""version"": ""2.7.0""}",65.249,23.295,1.153,0.34,"{""lattice_matrix"": [[-1.45349466, 2.57435845, 2.58364246], [1.45349466, -2.57435845, 2.58364246], [1.45349466, 2.57435845, -2.58364246]], ""a"": 3.926216565199858, ""b"": 3.926216565199858, ""c"": 3.926216565199858, ""alpha"": 136.5438035449053, ""beta"": 98.05688907902419, ""gamma"": 97.69752117866072, ""volume"": 38.67006146742666, ""atoms"": [{""element"": ""Ga"", ""fractional_coordinates"": [0.5, 0.64939059, 0.14939059], ""cartesian_coordinates"": [0.4342768496384988, -6.81956619170876e-18, 2.58364246]}, {""element"": ""As"", ""fractional_coordinates"": [0.0, 0.90508841, 0.90508841], ""cartesian_coordinates"": [2.631082341525781, -1.60050373071428e-16, 9.769796114483711e-17]}]}"
mp-2362485,LiMg,6,"[{""@module"": ""pymatgen.core.periodic_table"", ""@class"": ""Element"", ""element"": ""Li""}, {""@module"": ""pymatgen.core.periodic_table"", ""@class"": ""Element"", ""element"": ""Mg""}]","{""Li"": 3.0, ""Mg"": 3.0}",1.2716366410293698,122.40572992330746,"{""crystal_system"": ""Orthorhombic"", ""symbol"": ""Cmmm"", ""hall"": ""-C 2 2"", ""number"": 65, ""point_group"": ""mmm"", ""symprec"": 0.1, ""angle_tolerance"": 5.0, ""version"": ""2.7.0""}",25.554,12.984,8.684,0.28300000000000003,"{""lattice_matrix"": [[1.70042687, -7.34607216, 0.0], [1.70042687, 7.34607216, 0.0], [0.0, 0.0, 4.89957718]], ""a"": 7.540306871748992, ""b"": 7.540306871748992, ""c"": 4.89957718, ""alpha"": 90.0, ""beta"": 90.0, ""gamma"": 153.93406904004144, ""volume"": 122.40572992330746, ""atoms"": [{""element"": ""Li"", ""fractional_coordinates"": [0.69406296, 0.30593704, -0.0], ""cartesian_coordinates"": [1.70042687, -2.8512010154863874, 0.0]}, {""element"": ""Li"", ""fractional_coordinates"": [0.52513519, 0.47486481, 0.5], ""cartesian_coordinates"": [1.70042687, -0.36928983899062034, 2.44978859]}, {""element"": ""Li"", ""fractional_coordinates"": [0.86455795, 0.13544205, 0.5], ""cartesian_coordinates"": [1.7004268700000003, -5.356138014403344, 2.44978859]}, {""element"": ""Mg"", ""fractional_coordinates"": [0.0320004, 0.9679996, -0.0], ""cartesian_coordinates"": [1.70042687, 6.875917664902272, 0.0]}, {""element"": ""Mg"", ""fractional_coordinates"": [0.35617808, 0.64382192, 0.0], ""cartesian_coordinates"": [1.70042687, 2.1130524050194945, 0.0]}, {""element"": ""Mg"", ""fractional_coordinates"": [0.19473943, 0.80526057, 0.5], ""cartesian_coordinates"": [1.70042687, 4.4849323496454625, 2.44978859]}]}"
mp-2362521,Li9Ge4,26,"[{""@module"": ""pymatgen.core.periodic_table"", ""@class"": ""Element"", ""element"": ""Ge""}, {""@module"": ""pymatgen.core.periodic_table"", ""@class"": ""Element"", ""element"": ""Li""}]","{""Li"": 18.0, ""Ge"": 8.0}",2.8624617466519484,409.5904147172785,"{""crystal_system"": ""Hexagonal"", ""symbol"": ""P6_3/mmc"", ""hall"": ""-P 6c 2c"", ""number"": 194, ""point_group"": ""6/mmm"", ""symprec"": 0.1, ""angle_tolerance"": 5.0, ""version"": ""2.7.0""}",33.833,29.535,0.744,0.162,"{""lattice_matrix"": [[2.23126937, -3.86631006, -0.0], [2.23126937, 3.86631006, 0.0], [0.0, -0.0, 23.73947476]], ""a"": 4.4639574910114685, ""b"": 4.4639574910114685, ""c"": 23.73947476, ""alpha"": 90.0, ""beta"": 90.0, ""gamma"": 120.02102592611683, ""volume"": 409.5904147172785, ""atoms"": [{""element"": ""Li"", ""fractional_coordinates"": [0.83382674, 0.16617326, 0.25], ""cartesian_coordinates"": [2.23126937, -2.581355366318009, 5.93486869]}, {""element"": ""Li"", ""fractional_coordinates"": [0.16617326, 0.83382674, 0.75], ""cartesian_coordinates"": [2.23126937, 2.5813553663180087, 17.80460607]}, {""element"": ""Li"", ""fractional_coordinates"": [0.16650506, 0.83349494, 0.51701814], ""cartesian_coordinates"": [2.23126937, 2.578789682962193, 12.273739084992147]}, {""element"": ""Li"", ""fractional_coordinates"": [0.83349494, 0.16650506, 0.48298186], ""cartesian_coordinates"": [2.23126937, -2.578789682962193, 11.465735675007853]}, {""element"": ""Li"", ""fractional_coordinates"": [0.83349494, 0.16650506, 0.01701814], ""cartesian_coordinates"": [2.23126937, -2.578789682962193, 0.40400170499214644]}, {""element"": ""Li"", ""fractional_coordinates"": [0.16650506, 0.83349494, 0.98298186], ""cartesian_coordinates"": [2.23126937, 2.578789682962193, 23.335473055007853]}, {""element"": ""Li"", ""fractional_coordinates"": [0.16604093, 0.83395907, 0.63158206], ""cartesian_coordinates"": [2.23126937, 2.5823786239384883, 14.993426372238805]}, {""element"": ""Li"", ""fractional_coordinates"": [0.83395907, 0.16604093, 0.36841794], ""cartesian_coordinates"": [2.23126937, -2.5823786239384887, 8.746048387761194]}, {""element"": ""Li"", ""fractional_coordinates"": [0.83287115, 0.16712885, 0.59305323], ""cartesian_coordinates"": [2.23126937, -2.5739661518575376, 14.078772184921474]}, {""element"": ""Li"", ""fractional_coordinates"": [0.16712885, 0.83287115, 0.40694677], ""cartesian_coordinates"": [2.23126937, 2.573966151857538, 9.660702575078526]}, {""element"": ""Li"", ""fractional_coordinates"": [0.16712885, 0.83287115, 0.09305323], ""cartesian_coordinates"": [2.23126937, 2.573966151857538, 2.2090348049214747]}, {""element"": ""Li"", ""fractional_coordinates"": [0.83287115, 0.16712885, 0.90694677], ""cartesian_coordinates"": [2.23126937, -2.5739661518575376, 21.530439955078524]}, {""element"": ""Li"", ""fractional_coordinates"": [0.49939905, 0.50060095, 0.82422689], ""cartesian_coordinates"": [2.23126937, 0.004646918061114146, 19.5667134516683]}, {""element"": ""Li"", ""fractional_coordinates"": [0.50060095, 0.49939905, 0.17577311], ""cartesian_coordinates"": [2.23126937, -0.004646918061114153, 4.172761308331704]}, {""element"": ""Li"", ""fractional_coordinates"": [0.50060095, 0.49939905, 0.32422689], ""cartesian_coordinates"": [2.23126937, -0.004646918061114153, 7.6969760716682964]}, {""element"": ""Li"", ""fractional_coordinates"": [0.49939905, 0.50060095, 0.67577311], ""cartesian_coordinates"": [2.23126937, 0.004646918061114146, 16.0424986883317]}, {""element"": ""Li"", ""fractional_coordinates"": [0.16604093, 0.83395907, 0.86841794], ""cartesian_coordinates"": [2.23126937, 2.5823786239384883, 20.615785767761196]}, {""element"": ""Li"", ""fractional_coordinates"": [0.83395907, 0.16604093, 0.13158206], ""cartesian_coordinates"": [2.23126937, -2.5823786239384887, 3.123688992238806]}, {""element"": ""Ge"", ""fractional_coordinates"": [0.49973198, 0.50026802, 0.55449228], ""cartesian_coordinates"": [2.23126937, 0.0020724968445625645, 13.163355485674852]}, {""element"": ""Ge"", ""fractional_coordinates"": [0.50026802, 0.49973198, 0.44550772], ""cartesian_coordinates"": [2.2312693700000006, -0.00207249684456235, 10.576119274325148]}, {""element"": ""Ge"", ""fractional_coordinates"": [0.50026802, 0.49973198, 0.05449228], ""cartesian_coordinates"": [2.2312693700000006, -0.00207249684456235, 1.2936181056748528]}, {""element"": ""Ge"", ""fractional_coordinates"": [0.49973198, 0.50026802, 0.94550772], ""cartesian_coordinates"": [2.23126937, 0.0020724968445625645, 22.445856654325148]}, {""element"": ""Ge"", ""fractional_coordinates"": [0.8327565, 0.1672435, 0.6992432], ""cartesian_coordinates"": [2.23126937, -2.57307960696078, 16.59966629750163]}, {""element"": ""Ge"", ""fractional_coordinates"": [0.1672435, 0.8327565, 0.3007568], ""cartesian_coordinates"": [2.23126937, 2.57307960696078, 7.139808462498368]}, {""element"": ""Ge"", ""fractional_coordinates"": [0.1672435, 0.8327565, 0.1992432], ""cartesian_coordinates"": [2.23126937, 2.57307960696078, 4.729928917501632]}, {""element"": ""Ge"", ""fractional_coordinates"": [0.8327565, 0.1672435, 0.8007568], ""cartesian_coordinates"": [2.23126937, -2.57307960696078, 19.00954584249837]}]}"
mp-2365577,LiNiS2,8,"[{""@module"": ""pymatgen.core.periodic_table"", ""@class"": ""Element"", ""element"": ""Li""}, {""@module"": ""pymatgen.core.periodic_table"", ""@class"": ""Element"", ""element"": ""Ni""}, {""@module"": ""pymatgen.core.periodic_table"", ""@class"": ""Element"", ""element"": ""S""}]","{""Li"": 2.0, ""Ni"": 2.0, ""S"": 4.0}",3.663210023797939,117.6448276539484,"{""crystal_system"": ""Trigonal"", ""symbol"": ""P-3m1"", ""hall"": ""-P 3 2\"""", ""number"": 164, ""point_group"": ""2/m"", ""symprec"": 0.1, ""angle_tolerance"": 5.0, ""version"": ""2.7.0""}",71.293,34.235,0.373,0.293,"{""lattice_matrix"": [[3.42731155, 0.0, 0.0], [0.0, 5.7831557, -0.0048061], [0.0, 0.00340008, 5.93545698]], ""a"": 3.42731155, ""b"": 5.783157697057871, ""c"": 5.935457953854506, ""alpha"": 90.01479429584035, ""beta"": 90.0, ""gamma"": 90.0, ""volume"": 117.6448276539484, ""atoms"": [{""element"": ""Li"", ""fractional_coordinates"": [0.25117875, 0.5, 0.25], ""cartesian_coordinates"": [0.8608678309895625, 2.89242787, 1.4814611949999998]}, {""element"": ""Li"", ""fractional_coordinates"": [0.74882125, 0.5, 0.75], ""cartesian_coordinates"": [2.5664437190104374, 2.89412791, 4.4491896849999995]}, {""element"": ""Ni"", ""fractional_coordinates"": [0.74983611, -0.0, 0.75], ""cartesian_coordinates"": [2.5699219604100705, 0.0025500600000000003, 4.451592735]}, {""element"": ""Ni"", ""fractional_coordinates"": [0.25016389, -0.0, 0.25], ""cartesian_coordinates"": [0.8573895895899295, 0.00085002, 1.483864245]}, {""element"": ""S"", ""fractional_coordinates"": [0.24985021, 0.21098462, 0.58338277], ""cartesian_coordinates"": [0.8563145105029255, 1.2221404558539557, 3.4616293210260527]}, {""element"": ""S"", ""fractional_coordinates"": [0.75014979, 0.21098462, 0.08338277], ""cartesian_coordinates"": [2.5709970394970747, 1.2204404158539557, 0.49390083102605253]}, {""element"": ""S"", ""fractional_coordinates"": [0.75014979, 0.78901538, 0.41661723], ""cartesian_coordinates"": [2.5709970394970747, 4.5644153241460454, 2.4690215589739473]}, {""element"": ""S"", ""fractional_coordinates"": [0.24985021, 0.78901538, 0.91661723], ""cartesian_coordinates"": [0.8563145105029255, 4.566115364146045, 5.436750048973947]}]}"
mp-2371187,Cu2B2C,5,"[{""@module"": ""pymatgen.core.periodic_table"", ""@class"": ""Element"", ""element"": ""B""}, {""@module"": ""pymatgen.core.periodic_table"", ""@class"": ""Element"", ""element"": ""C""}, {""@module"": ""pymatgen.core.periodic_table"", ""@class"": ""Element"", ""element"": ""Cu""}]","{""Cu"": 2.0, ""B"": 2.0, ""C"": 1.0}",4.059561375108912,65.74346808176682,"{""crystal_system"": ""Tetragonal"", ""symbol"": ""I4/mmm"", ""hall"": ""-I 4 2"", ""number"": 139, ""point_group"": ""4/mmm"", ""symprec"": 0.1, ""angle_tolerance"": 5.0, ""version"": ""2.7.0""}",78.177,9.850999999999999,0.064,0.44,"{""lattice_matrix"": [[2.70212019, 2.71421792, 0.00640173], [-2.70212019, 2.71421792, 0.00640173], [0.0, 2.61683487, 4.48818635]], ""a"": 3.8299443103786452, ""b"": 3.8299443103786452, ""c"": 5.195348058520645, ""alpha"": 68.99807265012458, ""beta"": 68.99807265012458, ""gamma"": 89.74389364521338, ""volume"": 65.74346808176684, ""atoms"": [{""element"": ""Cu"", ""fractional_coordinates"": [0.25096438, 0.74903562, 0.0], ""cartesian_coordinates"": [-1.3458483536623358, 2.71421792, 0.00640173]}, {""element"": ""Cu"", ""fractional_coordinates"": [0.74903562, 0.25096438, -0.0], ""cartesian_coordinates"": [1.3458483536623356, 2.71421792, 0.00640173]}, {""element"": ""B"", ""fractional_coordinates"": [0.83948839, 0.83948839, 0.81671762], ""cartesian_coordinates"": [1.1867635735366946e-16, 6.694324010499306, 3.676329229910317]}, {""element"": ""B"", ""fractional_coordinates"": [0.16051161, 0.16051161, 0.18328238], ""cartesian_coordinates"": [1.1833695133650934e-17, 1.350946699500693, 0.8246605800896837]}, {""element"": ""C"", ""fractional_coordinates"": [-0.0, 0.0, 0.5], ""cartesian_coordinates"": [0.0, 1.308417435, 2.244093175]}]}"
mp-2374583,SiO2,48,"[{""@module"": ""pymatgen.core.periodic_table"", ""@class"": ""Element"", ""element"": ""O""}, {""@module"": ""pymatgen.core.periodic_table"", ""@class"": ""Element"", ""element"": ""Si""}]","{""Si"": 16.0, ""O"": 32.0}",2.6312563843426218,606.6901160823915,"{""crystal_system"": ""Tetragonal"", ""symbol"": ""P4/nbm"", ""hall"": ""P 4 2 -1ab"", ""number"": 125, ""point_group"": ""4/mmm"", ""symprec"": 0.1, ""angle_tolerance"": 5.0, ""version"": ""2.7.0""}",89.352,42.035,0.555,0.297,"{""lattice_matrix"": [[11.78101882, 1e-08, 0.0], [-1e-08, 11.78101882, 0.0], [0.0, 0.0, 4.37120546]], ""a"": 11.78101882, ""b"": 11.78101882, ""c"": 4.37120546, ""alpha"": 90.0, ""beta"": 90.0, ""gamma"": 90.0, ""volume"": 606.6901160823915, ""atoms"": [{""element"": ""Si"", ""fractional_coordinates"": [0.73772174, 0.08180138, 0.27645845], ""cartesian_coordinates"": [8.691113702045133, 0.963703604659189, 1.208456686103137]}, {""element"": ""Si"", ""fractional_coordinates"": [0.76231265, 0.58163492, 0.277181], ""cartesian_coordinates"": [8.980819670557723, 6.852251946512322, 1.21161510060826]}, {""element"": ""Si"", ""fractional_coordinates"": [0.58180138, 0.76227825, 0.27645844], ""cartesian_coordinates"": [6.85421299965919, 8.98041441514468, 1.2084566423910825]}, {""element"": ""Si"", ""fractional_coordinates"": [0.08163492, 0.73768734, 0.277181], ""cartesian_coordinates"": [0.961742521512321, 8.690708436632088, 1.21161510060826]}, {""element"": ""Si"", ""fractional_coordinates"": [0.58163492, 0.23768735, 0.722819], ""cartesian_coordinates"": [6.852251936512321, 2.800199149442276, 3.1595903593917396]}, {""element"": ""Si"", ""fractional_coordinates"": [0.26227826, 0.91819862, 0.27645845], ""cartesian_coordinates"": [3.0899051079548667, 10.81731522534081, 1.208456686103137]}, {""element"": ""Si"", ""fractional_coordinates"": [0.41836508, 0.76231265, 0.722819], ""cartesian_coordinates"": [4.928766873487679, 8.980819680557724, 3.1595903593917396]}, {""element"": ""Si"", ""fractional_coordinates"": [0.23768735, 0.41836508, 0.277181], ""cartesian_coordinates"": [2.800199139442276, 4.928766883487679, 1.21161510060826]}, {""element"": ""Si"", ""fractional_coordinates"": [0.76227825, 0.41819862, 0.72354156], ""cartesian_coordinates"": [8.980414405144678, 4.926805820340811, 3.1627488176089176]}, {""element"": ""Si"", ""fractional_coordinates"": [0.08180138, 0.26227826, 0.72354155], ""cartesian_coordinates"": [0.9637035946591891, 3.0899051179548667, 3.1627487738968627]}, {""element"": ""Si"", ""fractional_coordinates"": [0.91836508, 0.26231266, 0.277181], ""cartesian_coordinates"": [10.819276288487679, 3.0903103933679117, 1.21161510060826]}, {""element"": ""Si"", ""fractional_coordinates"": [0.26231266, 0.08163492, 0.722819], ""cartesian_coordinates"": [3.0903103833679118, 0.961742531512321, 3.1595903593917396]}, {""element"": ""Si"", ""fractional_coordinates"": [0.91819862, 0.73772174, 0.72354155], ""cartesian_coordinates"": [10.81731521534081, 8.691113712045134, 3.1627487738968627]}, {""element"": ""Si"", ""fractional_coordinates"": [0.41819862, 0.23772175, 0.27645844], ""cartesian_coordinates"": [4.926805810340811, 2.800604414855321, 1.2084566423910825]}, {""element"": ""Si"", ""fractional_coordinates"": [0.73768734, 0.91836508, 0.722819], ""cartesian_coordinates"": [8.690708426632089, 10.819276298487678, 3.1595903593917396]}, {""element"": ""Si"", ""fractional_coordinates"": [0.23772175, 0.58180138, 0.72354156], ""cartesian_coordinates"": [2.8006044048553216, 6.85421300965919, 3.1627488176089176]}, {""element"": ""O"", ""fractional_coordinates"": [0.82266424, 0.82285593, 0.86616698], ""cartesian_coordinates"": [9.691822885752439, 9.694081205705245, 3.7861938322477107]}, {""element"": ""O"", ""fractional_coordinates"": [0.85917556, 0.6407433, 0.50047423], ""cartesian_coordinates"": [10.121963435636605, 7.548608884680662, 2.187675686765296]}, {""element"": ""O"", ""fractional_coordinates"": [0.18790774, 0.50017005, 0.00050319], ""cartesian_coordinates"": [2.213744616361966, 5.892512774129418, 0.0021995468754174]}, {""element"": ""O"", ""fractional_coordinates"": [0.49995806, 0.31230383, 0.49957089], ""cartesian_coordinates"": [5.89001531094765, 3.679257303787661, 2.183727002025059]}, {""element"": ""O"", ""fractional_coordinates"": [0.99995805, 0.81230384, 0.50042911], ""cartesian_coordinates"": [11.780524598137463, 9.569766836597848, 2.1874784579749407]}, {""element"": ""O"", ""fractional_coordinates"": [0.6407433, 0.14082444, 0.49952577], ""cartesian_coordinates"": [7.548608874680662, 1.6590553843633937, 2.183529773234704]}, {""element"": ""O"", ""fractional_coordinates"": [0.82285593, 0.17733576, 0.13383302], ""cartesian_coordinates"": [9.694081195705245, 2.0891959342475626, 0.5850116277522891]}, {""element"": ""O"", ""fractional_coordinates"": [0.67714407, 0.32266423, 0.86616698], ""cartesian_coordinates"": [7.977447029294755, 3.801313372942249, 3.7861938322477107]}, {""element"": ""O"", ""fractional_coordinates"": [0.17733576, 0.17714407, 0.86616698], ""cartesian_coordinates"": [2.0891959242475626, 2.086937624294755, 3.7861938322477107]}, {""element"": ""O"", ""fractional_coordinates"": [0.3592567, 0.85917556, 0.49952577], ""cartesian_coordinates"": [4.232409935319338, 10.121963445636606, 2.183529773234704]}, {""element"": ""O"", ""fractional_coordinates"": [4.195e-05, 0.18769616, 0.50042911], ""cartesian_coordinates"": [0.0004942118625374, 2.2112519934021506, 2.1874784579749407]}, {""element"": ""O"", ""fractional_coordinates"": [0.50004194, 0.68769617, 0.49957089], ""cartesian_coordinates"": [5.891003499052349, 8.10176152621234, 2.183727002025059]}, {""element"": ""O"", ""fractional_coordinates"": [0.67733577, 0.67714407, 0.13383302], ""cartesian_coordinates"": [7.979705447057751, 7.977447039294755, 0.5850116277522891]}, {""element"": ""O"", ""fractional_coordinates"": [0.17714407, 0.82266424, 0.13383302], ""cartesian_coordinates"": [2.086937614294755, 9.691822895752438, 0.5850116277522891]}, {""element"": ""O"", ""fractional_coordinates"": [0.81209226, 0.49982995, 0.00050319], ""cartesian_coordinates"": [9.567274193638035, 5.8885060558705815, 0.0021995468754174]}, {""element"": ""O"", ""fractional_coordinates"": [0.18769616, 0.99995805, 0.49957089], ""cartesian_coordinates"": [2.2112519834021507, 11.780524608137464, 2.183727002025059]}, {""element"": ""O"", ""fractional_coordinates"": [0.00017005, 0.31209226, 0.00050319], ""cartesian_coordinates"": [0.0020033591294183997, 3.676764788638034, 0.0021995468754174]}, {""element"": ""O"", ""fractional_coordinates"": [0.81230384, 4.195e-05, 0.49957089], ""cartesian_coordinates"": [9.56976682659785, 0.0004942218625374, 2.183727002025059]}, {""element"": ""O"", ""fractional_coordinates"": [0.32266423, 0.32285593, 0.13383302], ""cartesian_coordinates"": [3.8013133629422495, 3.803571790705245, 0.5850116277522891]}, {""element"": ""O"", ""fractional_coordinates"": [0.50017005, 0.81209226, 0.99949681], ""cartesian_coordinates"": [5.892512764129418, 9.567274203638034, 4.369005913124583]}, {""element"": ""O"", ""fractional_coordinates"": [0.32285593, 0.67733577, 0.86616698], ""cartesian_coordinates"": [3.8035717807052447, 7.979705457057751, 3.7861938322477107]}, {""element"": ""O"", ""fractional_coordinates"": [0.68769617, 0.49995806, 0.50042911], ""cartesian_coordinates"": [8.101761516212338, 5.890015320947651, 2.1874784579749407]}, {""element"": ""O"", ""fractional_coordinates"": [0.49982995, 0.18790774, 0.99949681], ""cartesian_coordinates"": [5.888506045870582, 2.213744626361966, 4.369005913124583]}, {""element"": ""O"", ""fractional_coordinates"": [0.85925671, 0.35917555, 0.50047421], ""cartesian_coordinates"": [10.122919468129526, 4.231453922826418, 2.1876755993411865]}, {""element"": ""O"", ""fractional_coordinates"": [0.64082445, 0.85925671, 0.49952579], ""cartesian_coordinates"": [7.549564897173582, 10.122919478129527, 2.183529860658813]}, {""element"": ""O"", ""fractional_coordinates"": [0.68790774, 0.00017005, 0.99949681], ""cartesian_coordinates"": [8.104254031361966, 0.0020033691294184, 4.369005913124583]}, {""element"": ""O"", ""fractional_coordinates"": [0.99982995, 0.68790774, 0.00050319], ""cartesian_coordinates"": [11.779015450870581, 8.104254041361965, 0.0021995468754174]}, {""element"": ""O"", ""fractional_coordinates"": [0.14074329, 0.64082445, 0.50047421], ""cartesian_coordinates"": [1.658099341870473, 7.549564907173582, 2.1876755993411865]}, {""element"": ""O"", ""fractional_coordinates"": [0.31209226, 0.99982995, 0.99949681], ""cartesian_coordinates"": [3.676764778638034, 11.779015460870582, 4.369005913124583]}, {""element"": ""O"", ""fractional_coordinates"": [0.35917555, 0.14074329, 0.49952579], ""cartesian_coordinates"": [4.231453912826418, 1.6580993518704732, 2.183529860658813]}, {""element"": ""O"", ""fractional_coordinates"": [0.31230383, 0.50004194, 0.50042911], ""cartesian_coordinates"": [3.6792572937876615, 5.891003509052349, 2.1874784579749407]}, {""element"": ""O"", ""fractional_coordinates"": [0.14082444, 0.3592567, 0.50047423], ""cartesian_coordinates"": [1.6590553743633938, 4.232409945319338, 2.187675686765296]}]}"
mp-2379939,Ca2SiO4,28,"[{""@module"": ""pymatgen.core.periodic_table"", ""@class"": ""Element"", ""element"": ""Ca""}, {""@module"": ""pymatgen.core.periodic_table"", ""@class"": ""Element"", ""element"": ""O""}, {""@module"": ""pymatgen.core.periodic_table"", ""@class"": ""Element"", ""element"": ""Si""}]","{""Ca"": 8.0, ""Si"": 4.0, ""O"": 16.0}",2.9438069785815593,388.6256902392824,"{""crystal_system"": ""Monoclinic"", ""symbol"": ""P2_1/c"", ""hall"": ""-P 2ybc"", ""number"": 14, ""point_group"": ""2/m"", ""symprec"": 0.1, ""angle_tolerance"": 5.0, ""version"": ""2.7.0""}",87.228,43.197,0.257,0.28700000000000003,"{""lattice_matrix"": [[8.29517619, 0.0, 0.0], [0.0, 5.76712362, -0.24605701], [0.0, 4.69802375, 7.92312109]], ""a"": 8.29517619, ""b"": 5.772370301750576, ""c"": 9.211258055356328, ""alpha"": 61.77719935825762, ""beta"": 90.0, ""gamma"": 90.0, ""volume"": 388.6256902392824, ""atoms"": [{""element"": ""Ca"", ""fractional_coordinates"": [0.98756866, 0.14670755, 0.63690214], ""cartesian_coordinates"": [8.192056034422205, 3.838261956983156, 5.010154356602707]}, {""element"": ""Ca"", ""fractional_coordinates"": [0.48756866, 0.85329245, 0.86309786], ""cartesian_coordinates"": [4.044467939422205, 8.975897288016844, 6.628470268397293]}, {""element"": ""Ca"", ""fractional_coordinates"": [0.158131, 0.58217204, 0.12747422], ""cartesian_coordinates"": [1.3117245061008898, 3.9563350358603095, 0.8667461694452995]}, {""element"": ""Ca"", ""fractional_coordinates"": [0.51243134, 0.14670755, 0.13690214], ""cartesian_coordinates"": [4.2507082505777944, 1.4892500819831558, 1.0485938116027071]}, {""element"": ""Ca"", ""fractional_coordinates"": [0.658131, 0.41782796, 0.37252578], ""cartesian_coordinates"": [5.45931260110089, 4.15980045913969, 2.8487573655547007]}, {""element"": ""Ca"", ""fractional_coordinates"": [0.01243134, 0.85329245, 0.36309786], ""cartesian_coordinates"": [0.1031201555777946, 6.6268854130168435, 2.666909723397293]}, {""element"": ""Ca"", ""fractional_coordinates"": [0.341869, 0.58217204, 0.62747422], ""cartesian_coordinates"": [2.8358635888991097, 6.305346910860309, 4.8283067144453]}, {""element"": ""Ca"", ""fractional_coordinates"": [0.841869, 0.41782796, 0.87252578], ""cartesian_coordinates"": [6.983451683899109, 6.50881233413969, 6.810317910554701]}, {""element"": ""Si"", ""fractional_coordinates"": [0.6945116, 0.7585627, 0.53662824], ""cartesian_coordinates"": [5.761096087998804, 6.895817080861673, 4.065120855974055]}, {""element"": ""Si"", ""fractional_coordinates"": [0.1945116, 0.2414373, 0.96337176], ""cartesian_coordinates"": [1.6135079929988039, 5.918342164138326, 7.573503769025946]}, {""element"": ""Si"", ""fractional_coordinates"": [0.8054884, 0.7585627, 0.03662824], ""cartesian_coordinates"": [6.681668197001195, 4.5468052058616735, 0.10356031097405462]}, {""element"": ""Si"", ""fractional_coordinates"": [0.3054884, 0.2414373, 0.46337176], ""cartesian_coordinates"": [2.534080102001196, 3.569330289138326, 3.611943224025946]}, {""element"": ""O"", ""fractional_coordinates"": [0.1792416, 0.48372625, 0.43479113], ""cartesian_coordinates"": [1.486840652577504, 4.832368137018363, 3.3258785371144195]}, {""element"": ""O"", ""fractional_coordinates"": [0.80688296, 0.0255036, 0.47653952], ""cartesian_coordinates"": [6.693236317908722, 2.385876396728632, 3.769404981570241]}, {""element"": ""O"", ""fractional_coordinates"": [0.5628714, 0.78788054, 0.39505814], ""cartesian_coordinates"": [4.669117435311966, 6.399796996323179, 2.9362299509005876]}, {""element"": ""O"", ""fractional_coordinates"": [0.60292084, 0.67131373, 0.7117471], ""cartesian_coordinates"": [5.001334596422799, 7.215354048506928, 5.474077009580592]}, {""element"": ""O"", ""fractional_coordinates"": [0.10292084, 0.32868627, 0.7882529], ""cartesian_coordinates"": [0.8537465014227995, 5.598805196493072, 6.1645476154194085]}, {""element"": ""O"", ""fractional_coordinates"": [0.0628714, 0.21211946, 0.10494186], ""cartesian_coordinates"": [0.521529340311966, 1.71633849867682, 0.7792735840994128]}, {""element"": ""O"", ""fractional_coordinates"": [0.3207584, 0.48372625, 0.93479113], ""cartesian_coordinates"": [2.6607474424224957, 7.181380012018363, 7.28743908211442]}, {""element"": ""O"", ""fractional_coordinates"": [0.30688296, 0.9744964, 0.02346048], ""cartesian_coordinates"": [2.545648222908722, 5.730259098271367, -0.053901446570240805]}, {""element"": ""O"", ""fractional_coordinates"": [0.69311704, 0.0255036, 0.97653952], ""cartesian_coordinates"": [5.749527967091277, 4.734888271728632, 7.730965526570241]}, {""element"": ""O"", ""fractional_coordinates"": [0.6792416, 0.51627375, 0.06520887], ""cartesian_coordinates"": [5.634428747577504, 3.283767357981637, 0.38962499788558086]}, {""element"": ""O"", ""fractional_coordinates"": [0.9371286, 0.78788054, 0.89505814], ""cartesian_coordinates"": [7.773646849688033, 8.74880887132318, 6.897790495900587]}, {""element"": ""O"", ""fractional_coordinates"": [0.89707916, 0.67131373, 0.2117471], ""cartesian_coordinates"": [7.4414296885772, 4.866342173506927, 1.5125164645805917]}, {""element"": ""O"", ""fractional_coordinates"": [0.39707916, 0.32868627, 0.2882529], ""cartesian_coordinates"": [3.2938415935772, 3.249793321493072, 2.2029870704194083]}, {""element"": ""O"", ""fractional_coordinates"": [0.4371286, 0.21211946, 0.60494186], ""cartesian_coordinates"": [3.6260587546880334, 4.065350373676821, 4.740834129099413]}, {""element"": ""O"", ""fractional_coordinates"": [0.19311704, 0.9744964, 0.52346048], ""cartesian_coordinates"": [1.6019398720912774, 8.079270973271367, 3.9076590984297597]}, {""element"": ""O"", ""fractional_coordinates"": [0.8207584, 0.51627375, 0.56520887], ""cartesian_coordinates"": [6.808335537422495, 5.632779232981637, 4.351185542885581]}]}"
mp-2382752,CaC2,6,"[{""@module"": ""pymatgen.core.periodic_table"", ""@class"": ""Element"", ""element"": ""C""}, {""@module"": ""pymatgen.core.periodic_table"", ""@class"": ""Element"", ""element"": ""Ca""}]","{""Ca"": 2.0, ""C"": 4.0}",2.162694002527042,98.43237912525699,"{""crystal_system"": ""Orthorhombic"", ""symbol"": ""Immm"", ""hall"": ""-I 2 2"", ""number"": 71, ""point_group"": ""mmm"", ""symprec"": 0.1, ""angle_tolerance"": 5.0, ""version"": ""2.7.0""}",57.491,22.771,2.6790000000000003,0.325,"{""lattice_matrix"": [[3.7825256550991635, 0.0, 0.0], [0.0, 4.8789551674418945, 0.0], [0.0, 0.0, 5.333708447146744]], ""a"": 3.7825256550991635, ""b"": 4.8789551674418945, ""c"": 5.333708447146744, ""alpha"": 90.0, ""beta"": 90.0, ""gamma"": 90.0, ""volume"": 98.43237912525699, ""atoms"": [{""element"": ""Ca"", ""fractional_coordinates"": [0.0, 0.0, 0.0], ""cartesian_coordinates"": [0.0, 0.0, 0.0]}, {""element"": ""Ca"", ""fractional_coordinates"": [0.5, 0.5, 0.5], ""cartesian_coordinates"": [1.8912628275495817, 2.4394775837209473, 2.666854223573372]}, {""element"": ""C"", ""fractional_coordinates"": [0.0, 0.8718036784227294, 0.5006549862589296], ""cartesian_coordinates"": [0.0, 4.253491061835428, 2.67034772931539]}, {""element"": ""C"", ""fractional_coordinates"": [0.5, 0.6281963215772706, 0.0006549862589296], ""cartesian_coordinates"": [1.8912628275495817, 3.0649416893274144, 0.0034935057420178517]}, {""element"": ""C"", ""fractional_coordinates"": [0.5, 0.3718036784227294, 0.9993450137410704], ""cartesian_coordinates"": [1.8912628275495817, 1.8140134781144799, 5.330214941404726]}, {""element"": ""C"", ""fractional_coordinates"": [0.0, 0.1281963215772706, 0.4993450137410704], ""cartesian_coordinates"": [0.0, 0.6254641056064673, 2.6633607178313543]}]}"
mp-2394167,VN,4,"[{""@module"": ""pymatgen.core.periodic_table"", ""@class"": ""Element"", ""element"": ""N""}, {""@module"": ""pymatgen.core.periodic_table"", ""@class"": ""Element"", ""element"": ""V""}]","{""V"": 2.0, ""N"": 2.0}",6.136931767376047,35.14753875197236,"{""crystal_system"": ""Tetragonal"", ""symbol"": ""P4/nmm"", ""hall"": ""P 4ab 2ab -1ab"", ""number"": 129, ""point_group"": ""4/mmm"", ""symprec"": 0.1, ""angle_tolerance"": 5.0, ""version"": ""2.7.0""}",299.032,148.726,0.544,0.28700000000000003,"{""lattice_matrix"": [[2.8775703, 0.0, 0.0], [0.0, 2.87734442, -0.03614939], [0.0, 0.05422629, 4.24431317]], ""a"": 2.8775703, ""b"": 2.877571491675317, ""c"": 4.24465955944203, ""alpha"": 89.98781132597514, ""beta"": 90.0, ""gamma"": 90.0, ""volume"": 35.147538751972355, ""atoms"": [{""element"": ""V"", ""fractional_coordinates"": [0.25, 0.74974652, 0.78191412], ""cartesian_coordinates"": [0.719392575, 2.199679267562633, 3.291585517972338]}, {""element"": ""V"", ""fractional_coordinates"": [0.75, 0.25025348, 0.21808588], ""cartesian_coordinates"": [2.158177725, 0.7318914424373667, 0.9165782620276625]}, {""element"": ""N"", ""fractional_coordinates"": [0.25, 0.75021001, 0.26617628], ""cartesian_coordinates"": [0.719392575, 2.1730463382520453, 1.1026158565122135]}, {""element"": ""N"", ""fractional_coordinates"": [0.75, 0.24978999, 0.73382372], ""cartesian_coordinates"": [2.158177725, 0.7585243717479546, 3.105547923487786]}]}"
mp-2408760,NaCu2O3,12,"[{""@module"": ""pymatgen.core.periodic_table"", ""@class"": ""Element"", ""element"": ""Cu""}, {""@module"": ""pymatgen.core.periodic_table"", ""@class"": ""Element"", ""element"": ""Na""}, {""@module"": ""pymatgen.core.periodic_table"", ""@class"": ""Element"", ""element"": ""O""}]","{""Na"": 2.0, ""Cu"": 4.0, ""O"": 6.0}",4.966343094092133,132.45944612694586,"{""crystal_system"": ""Monoclinic"", ""symbol"": ""C2/m"", ""hall"": ""-C 2y"", ""number"": 12, ""point_group"": ""2/m"", ""symprec"": 0.1, ""angle_tolerance"": 5.0, ""version"": ""2.7.0""}",93.317,19.434,86.615,0.403,"{""lattice_matrix"": [[4.23373222, 3.06481623, 0.22345746], [-4.23373222, 3.06481623, 0.22345746], [0.0, 2.56732065, 5.29135459]], ""a"": 5.2313975447070735, ""b"": 5.2313975447070735, ""c"": 5.881289715447666, ""alpha"": 72.89237638067739, ""beta"": 72.89237638067739, ""gamma"": 108.05378153136868, ""volume"": 132.45944612694586, ""atoms"": [{""element"": ""Na"", ""fractional_coordinates"": [0.16454859, 0.83545141, 0.5], ""cartesian_coordinates"": [-2.8404228855228606, 4.3484765549999995, 2.869134755]}, {""element"": ""Na"", ""fractional_coordinates"": [0.83545141, 0.16454859, 0.5], ""cartesian_coordinates"": [2.8404228855228606, 4.3484765549999995, 2.869134755]}, {""element"": ""Cu"", ""fractional_coordinates"": [0.66827816, 0.33172184, -0.0], ""cartesian_coordinates"": [1.4248893358286303, 3.06481623, 0.22345746]}, {""element"": ""Cu"", ""fractional_coordinates"": [0.33172184, 0.66827816, -0.0], ""cartesian_coordinates"": [-1.4248893358286303, 3.06481623, 0.22345746]}, {""element"": ""Cu"", ""fractional_coordinates"": [0.0, 0.0, -0.0], ""cartesian_coordinates"": [0.0, 0.0, 0.0]}, {""element"": ""Cu"", ""fractional_coordinates"": [0.5, 0.5, 0.5], ""cartesian_coordinates"": [0.0, 4.3484765549999995, 2.869134755]}, {""element"": ""O"", ""fractional_coordinates"": [0.33757036, 0.01881352, 0.76789615], ""cartesian_coordinates"": [1.349531103853385, 3.06368674248487, 4.142847454555573]}, {""element"": ""O"", ""fractional_coordinates"": [0.66242964, 0.98118648, 0.23210385], ""cartesian_coordinates"": [-1.3495311038533844, 5.63326636751513, 1.5954220554444267]}, {""element"": ""O"", ""fractional_coordinates"": [0.01881352, 0.33757036, 0.76789615], ""cartesian_coordinates"": [-1.349531103853385, 3.06368674248487, 4.142847454555573]}, {""element"": ""O"", ""fractional_coordinates"": [0.36604959, 0.36604959, 0.2557608], ""cartesian_coordinates"": [1.0310303922128413e-16, 2.9003694321342115, 1.516914106252955]}, {""element"": ""O"", ""fractional_coordinates"": [0.98118648, 0.66242964, 0.23210385], ""cartesian_coordinates"": [1.349531103853385, 5.633266367515129, 1.5954220554444267]}, {""element"": ""O"", ""fractional_coordinates"": [0.63395041, 0.63395041, 0.7442392], ""cartesian_coordinates"": [-9.012829460924649e-17, 5.796583677865788, 4.2213554037470455]}]}"
mp-2415538,MgZn,6,"[{""@module"": ""pymatgen.core.periodic_table"", ""@class"": ""Element"", ""element"": ""Mg""}, {""@module"": ""pymatgen.core.periodic_table"", ""@class"": ""Element"", ""element"": ""Zn""}]","{""Mg"": 3.0, ""Zn"": 3.0}",3.9351158927921057,113.57246349615393,"{""crystal_system"": ""Orthorhombic"", ""symbol"": ""Amm2"", ""hall"": ""A 2 -2"", ""number"": 38, ""point_group"": ""mm2"", ""symprec"": 0.1, ""angle_tolerance"": 5.0, ""version"": ""2.7.0""}",43.601,21.384,5.013,0.289,"{""lattice_matrix"": [[3.02997016, -4.28059098, 0.0], [3.02997016, 4.28059098, 0.0], [0.0, 0.0, 4.37825414]], ""a"": 5.244442611808026, ""b"": 5.244442611808026, ""c"": 4.37825414, ""alpha"": 90.0, ""beta"": 90.0, ""gamma"": 109.41528611238519, ""volume"": 113.57246349615393, ""atoms"": [{""element"": ""Mg"", ""fractional_coordinates"": [0.92938095, 0.30279643, -0.0], ""cartesian_coordinates"": [3.7334606932269807, -2.6821520445196296, 0.0]}, {""element"": ""Mg"", ""fractional_coordinates"": [0.30279643, 0.92938095, -0.0], ""cartesian_coordinates"": [3.7334606932269807, 2.6821520445196296, 0.0]}, {""element"": ""Mg"", ""fractional_coordinates"": [0.3978618, 0.3978618, 0.5], ""cartesian_coordinates"": [2.411018763607776, -2.8460868216782847e-17, 2.18912707]}, {""element"": ""Zn"", ""fractional_coordinates"": [0.72811582, 0.72811582, 0.0], ""cartesian_coordinates"": [4.412338415247862, 4.328771624826685e-17, 0.0]}, {""element"": ""Zn"", ""fractional_coordinates"": [0.98234774, 0.65949726, 0.5], ""cartesian_coordinates"": [4.9747413573451995, -1.381990852576671, 2.18912707]}, {""element"": ""Zn"", ""fractional_coordinates"": [0.65949726, 0.98234774, 0.5], ""cartesian_coordinates"": [4.9747413573451995, 1.3819908525766706, 2.18912707]}]}"
mp-2416214,TbSe,4,"[{""@module"": ""pymatgen.core.periodic_table"", ""@class"": ""Element"", ""element"": ""Se""}, {""@module"": ""pymatgen.core.periodic_table"", ""@class"": ""Element"", ""element"": ""Tb""}]","{""Tb"": 2.0, ""Se"": 2.0}",6.629035819946229,119.17809115169705,"{""crystal_system"": ""Hexagonal"", ""symbol"": ""P6_3/mmc"", ""hall"": ""-P 6c 2c"", ""number"": 194, ""point_group"": ""6/mmm"", ""symprec"": 0.1, ""angle_tolerance"": 5.0, ""version"": ""2.7.0""}",60.482,10.16,120.605,0.42,"{""lattice_matrix"": [[2.45101273, -4.24527981, -0.0], [2.45101273, 4.24527981, -0.0], [-0.0, -0.0, 5.72683331]], ""a"": 4.902026526633215, ""b"": 4.902026526633215, ""c"": 5.72683331, ""alpha"": 90.0, ""beta"": 90.0, ""gamma"": 120.00001439565501, ""volume"": 119.17809115169705, ""atoms"": [{""element"": ""Tb"", ""fractional_coordinates"": [0.666667, 0.333333, 0.43748198], ""cartesian_coordinates"": [2.45101273, -1.41509610018654, 2.5053863755887535]}, {""element"": ""Tb"", ""fractional_coordinates"": [0.333333, 0.666667, 0.93754012], ""cartesian_coordinates"": [2.45101273, 1.41509610018654, 5.369135988677397]}, {""element"": ""Se"", ""fractional_coordinates"": [0.666667, 0.333333, 0.93746683], ""cartesian_coordinates"": [2.45101273, -1.41509610018654, 5.368716269064107]}, {""element"": ""Se"", ""fractional_coordinates"": [0.333333, 0.666667, 0.43751107], ""cartesian_coordinates"": [2.45101273, 1.41509610018654, 2.5055529691697416]}]}"
mp-2420227,V4GeSe8,13,"[{""@module"": ""pymatgen.core.periodic_table"", ""@class"": ""Element"", ""element"": ""Ge""}, {""@module"": ""pymatgen.core.periodic_table"", ""@class"": ""Element"", ""element"": ""Se""}, {""@module"": ""pymatgen.core.periodic_table"", ""@class"": ""Element"", ""element"": ""V""}]","{""V"": 4.0, ""Ge"": 1.0, ""Se"": 8.0}",5.643931039046331,267.17411508169,"{""crystal_system"": ""Trigonal"", ""symbol"": ""R3m"", ""hall"": ""R 3 -2\"""", ""number"": 160, ""point_group"": ""3m"", ""symprec"": 0.1, ""angle_tolerance"": 5.0, ""version"": ""2.7.0""}",47.823,44.806,3.668,0.14300000000000002,"{""lattice_matrix"": [[0.06609322, 5.07917076, 5.07965816], [5.14513831, 0.00012567, 5.14480685], [5.14526398, 5.14526398, 0.0]], ""a"": 7.18368087719823, ""b"": 7.276090005533847, ""c"": 7.27650210250577, ""alpha"": 59.99812644060549, ""beta"": 59.57164422380561, ""gamma"": 59.568701134911294, ""volume"": 267.17411508169005, ""atoms"": [{""element"": ""V"", ""fractional_coordinates"": [0.59437485, 0.60637224, 0.19290719], ""cartesian_coordinates"": [4.151711606058048, 4.011565977588803, 6.13888911090312]}, {""element"": ""V"", ""fractional_coordinates"": [0.59437485, 0.60637224, 0.60634572], ""cartesian_coordinates"": [6.278961982411197, 6.1388163539419525, 6.13888911090312]}, {""element"": ""V"", ""fractional_coordinates"": [0.21727172, 0.59431335, 0.59420747], ""cartesian_coordinates"": [6.129538864857107, 4.160989146595532, 4.161293459561683]}, {""element"": ""V"", ""fractional_coordinates"": [0.59432782, 0.19295543, 0.60635838], ""cartesian_coordinates"": [4.151937345960056, 6.1385906654925835, 4.011700578586707]}, {""element"": ""Ge"", ""fractional_coordinates"": [0.98813968, 0.00386837, 0.00399597], ""cartesian_coordinates"": [0.10577295245138488, 5.039490976095975, 5.039313805206124]}, {""element"": ""Se"", ""fractional_coordinates"": [0.37409378, 0.36433485, 0.36426919], ""cartesian_coordinates"": [3.7735393992360513, 3.774393117165249, 3.7747009541559673]}, {""element"": ""Se"", ""fractional_coordinates"": [0.88647869, 0.37111715, 0.37120208], ""cartesian_coordinates"": [3.8779719885715767, 6.412555971428424, 6.412334766797088]}, {""element"": ""Se"", ""fractional_coordinates"": [0.37413362, 0.89737495, 0.36424572], ""cartesian_coordinates"": [6.515986312320557, 3.7745416991320835, 6.517291685541747]}, {""element"": ""Se"", ""fractional_coordinates"": [0.37409378, 0.36433485, 0.89730218], ""cartesian_coordinates"": [6.516134842834751, 6.516988560763949, 3.7747009541559673]}, {""element"": ""Se"", ""fractional_coordinates"": [0.8640782, 0.85892825, 0.85898451], ""cartesian_coordinates"": [8.896116413867011, 8.80861072798756, 8.808241823766625]}, {""element"": ""Se"", ""fractional_coordinates"": [0.41043555, 0.86318896, 0.86318774], ""cartesian_coordinates"": [8.909682380566634, 6.526109507980726, 6.525812764963964]}, {""element"": ""Se"", ""fractional_coordinates"": [0.86411924, 0.41791112, 0.85898482], ""cartesian_coordinates"": [6.627026590435344, 8.808765349564657, 6.539502341546171]}, {""element"": ""Se"", ""fractional_coordinates"": [0.8640782, 0.85892825, 0.41800904], ""cartesian_coordinates"": [6.627181212012441, 6.5396755261329895, 8.808241823766625]}]}"
mp-2420244,TiO2,12,"[{""@module"": ""pymatgen.core.periodic_table"", ""@class"": ""Element"", ""element"": ""O""}, {""@module"": ""pymatgen.core.periodic_table"", ""@class"": ""Element"", ""element"": ""Ti""}]","{""Ti"": 4.0, ""O"": 8.0}",2.5883829814012427,204.9469218790116,"{""crystal_system"": ""Orthorhombic"", ""symbol"": ""Pnma"", ""hall"": ""-P 2ac 2n"", ""number"": 62, ""point_group"": ""mmm"", ""symprec"": 0.1, ""angle_tolerance"": 5.0, ""version"": ""2.7.0""}",56.861,17.976,34.048,0.357,"{""lattice_matrix"": [[3.77299303, 0.0, 0.0], [0.0, 5.98683477, 0.0], [0.0, 0.0, 9.07315071]], ""a"": 3.77299303, ""b"": 5.98683477, ""c"": 9.07315071, ""alpha"": 90.0, ""beta"": 90.0, ""gamma"": 90.0, ""volume"": 204.9469218790116, ""atoms"": [{""element"": ""Ti"", ""fractional_coordinates"": [0.25, 0.98787319, 0.36414728], ""cartesian_coordinates"": [0.9432482575, 5.914233562242816, 3.303963152076569]}, {""element"": ""Ti"", ""fractional_coordinates"": [0.75, 0.01212681, 0.63585272], ""cartesian_coordinates"": [2.8297447725, 0.07260120775718369, 5.7691875579234315]}, {""element"": ""Ti"", ""fractional_coordinates"": [0.25, 0.48787319, 0.13585272], ""cartesian_coordinates"": [0.9432482575, 2.9208161772428163, 1.2326122029234312]}, {""element"": ""Ti"", ""fractional_coordinates"": [0.75, 0.51212681, 0.86414728], ""cartesian_coordinates"": [2.8297447725, 3.066018592757184, 7.840538507076569]}, {""element"": ""O"", ""fractional_coordinates"": [0.75, 0.96231831, 0.4183178], ""cartesian_coordinates"": [2.8297447725, 5.761240718115639, 3.7954604440756383]}, {""element"": ""O"", ""fractional_coordinates"": [0.25, 0.2361008, 0.25453256], ""cartesian_coordinates"": [0.9432482575, 1.4134964786648159, 2.3094122774821177]}, {""element"": ""O"", ""fractional_coordinates"": [0.75, 0.7638992, 0.74546744], ""cartesian_coordinates"": [2.8297447725, 4.573338291335184, 6.763738432517882]}, {""element"": ""O"", ""fractional_coordinates"": [0.25, 0.03768169, 0.5816822], ""cartesian_coordinates"": [0.9432482575, 0.22559405188436127, 5.277690265924362]}, {""element"": ""O"", ""fractional_coordinates"": [0.75, 0.46231831, 0.0816822], ""cartesian_coordinates"": [2.8297447725, 2.7678233331156386, 0.741114910924362]}, {""element"": ""O"", ""fractional_coordinates"": [0.25, 0.7361008, 0.24546744], ""cartesian_coordinates"": [0.9432482575, 4.4069138636648155, 2.2271630775178823]}, {""element"": ""O"", ""fractional_coordinates"": [0.75, 0.2638992, 0.75453256], ""cartesian_coordinates"": [2.8297447725, 1.579920906335184, 6.845987632482118]}, {""element"": ""O"", ""fractional_coordinates"": [0.25, 0.53768169, 0.9183178], ""cartesian_coordinates"": [0.9432482575, 3.219011436884361, 8.332035799075637]}]}"
mp-2420465,RbHS,3,"[{""@module"": ""pymatgen.core.periodic_table"", ""@class"": ""Element"", ""element"": ""H""}, {""@module"": ""pymatgen.core.periodic_table"", ""@class"": ""Element"", ""element"": ""Rb""}, {""@module"": ""pymatgen.core.periodic_table"", ""@class"": ""Element"", ""element"": ""S""}]","{""Rb"": 1.0, ""H"": 1.0, ""S"": 1.0}",3.061224098898228,64.30157468691476,"{""crystal_system"": ""Orthorhombic"", ""symbol"": ""Amm2"", ""hall"": ""A 2 -2"", ""number"": 38, ""point_group"": ""mm2"", ""symprec"": 0.1, ""angle_tolerance"": 5.0, ""version"": ""2.7.0""}",28.078,18.076,-0.5,0.23500000000000001,"{""lattice_matrix"": [[3.13445696, 3.03377692, -0.5759815], [-3.13445696, 3.03377692, -0.5759815], [0.0, 0.62272779, 3.26277504]], ""a"": 4.4000429001044274, ""b"": 4.4000429001044274, ""c"": 3.321669890594983, ""alpha"": 89.9611149118312, ""beta"": 89.9611149118312, ""gamma"": 90.85608793176651, ""volume"": 64.30157468691476, ""atoms"": [{""element"": ""Rb"", ""fractional_coordinates"": [0.62854788, 0.37145212, 0.0], ""cartesian_coordinates"": [0.8058555943184895, 3.0337769199999998, -0.5759815]}, {""element"": ""H"", ""fractional_coordinates"": [0.09790729, 0.90209271, -0.0], ""cartesian_coordinates"": [-2.5206845868495233, 3.03377692, -0.5759815]}, {""element"": ""S"", ""fractional_coordinates"": [0.14154483, 0.85845517, 0.5], ""cartesian_coordinates"": [-2.2471246049089664, 3.345140815, 1.05540602]}]}"
mp-2421172,O2,6,"[{""@module"": ""pymatgen.core.periodic_table"", ""@class"": ""Element"", ""element"": ""O""}]","{""O"": 6.0}",1.2597929285455134,126.53331278793003,"{""crystal_system"": ""Trigonal"", ""symbol"": ""R3c"", ""hall"": ""R 3 -2\""c"", ""number"": 161, ""point_group"": ""3m"", ""symprec"": 0.1, ""angle_tolerance"": 5.0, ""version"": ""2.7.0""}",3.662,1.1440000000000001,1.022,0.359,"{""lattice_matrix"": [[4.3054633, -3.03894033, -0.43021313], [4.3054633, 3.03894033, -0.43021313], [2.66007244, -0.0, 4.56960321]], ""a"": 5.287462141157306, ""b"": 5.287462141157306, ""c"": 5.287462423780415, ""alpha"": 70.16349445572773, ""beta"": 70.16349445572773, ""gamma"": 70.16349712083311, ""volume"": 126.53331278793003, ""atoms"": [{""element"": ""O"", ""fractional_coordinates"": [0.07872421, 0.22858907, 0.95255572], ""cartesian_coordinates"": [3.856993266978981, 0.4554303671038038, 4.2205914677364955]}, {""element"": ""O"", ""fractional_coordinates"": [0.22858907, 0.95255572, 0.07872421], ""cartesian_coordinates"": [5.29478764671298, 2.200091450259994, -0.1484055943683786]}, {""element"": ""O"", ""fractional_coordinates"": [0.95255572, 0.07872421, 0.22858907], ""cartesian_coordinates"": [5.048201375833801, -2.655521817363798, 0.6008911814514339]}, {""element"": ""O"", ""fractional_coordinates"": [0.57872421, 0.45255572, 0.72858907], ""cartesian_coordinates"": [6.3782375958338005, -0.3834185126362016, 2.885692786451434]}, {""element"": ""O"", ""fractional_coordinates"": [0.72858907, 0.57872421, 0.45255572], ""cartesian_coordinates"": [6.832420346978981, -0.45543036710380375, 1.5055767327364948]}, {""element"": ""O"", ""fractional_coordinates"": [0.45255572, 0.72858907, 0.57872421], ""cartesian_coordinates"": [6.624823866712979, 0.8388488797400053, 2.1363960106316213]}]}"
mp-2422143,Pd(Se3Br)2,9,"[{""@module"": ""pymatgen.core.periodic_table"", ""@class"": ""Element"", ""element"": ""Br""}, {""@module"": ""pymatgen.core.periodic_table"", ""@class"": ""Element"", ""element"": ""Pd""}, {""@module"": ""pymatgen.core.periodic_table"", ""@class"": ""Element"", ""element"": ""Se""}]","{""Pd"": 1.0, ""Se"": 6.0, ""Br"": 2.0}",4.123484355560318,297.99530653609105,"{""crystal_system"": ""Triclinic"", ""symbol"": ""P-1"", ""hall"": ""-P 1"", ""number"": 2, ""point_group"": ""-1"", ""symprec"": 0.1, ""angle_tolerance"": 5.0, ""version"": ""2.7.0""}",2.439,2.054,-28.51,0.171,"{""lattice_matrix"": [[5.1585353, -0.31625195, 0.39345736], [1.0623374, 7.70303168, 0.04579085], [1.06361779, 3.27999663, 7.5023876]], ""a"": 5.183175709096022, ""b"": 7.776075785154496, ""c"": 8.25684445757879, ""alpha"": 65.3884985227614, ""beta"": 80.04117565480423, ""gamma"": 85.64294228837447, ""volume"": 297.99530653609105, ""atoms"": [{""element"": ""Pd"", ""fractional_coordinates"": [0.0, 0.0, -0.0], ""cartesian_coordinates"": [0.0, 0.0, 0.0]}, {""element"": ""Se"", ""fractional_coordinates"": [0.03253997, 0.52420329, 0.75067837], ""cartesian_coordinates"": [1.5231742129761894, 6.4898862444786785, 5.668686899588788]}, {""element"": ""Se"", ""fractional_coordinates"": [0.96746003, 0.47579671, 0.24932163], ""cartesian_coordinates"": [5.76131627702381, 4.176890115521321, 2.272948910411212]}, {""element"": ""Se"", ""fractional_coordinates"": [0.15006926, 0.74846032, 0.26340332], ""cartesian_coordinates"": [1.8494154226039088, 6.581915862003692, 2.0694722908676573]}, {""element"": ""Se"", ""fractional_coordinates"": [0.14944601, 0.23393365, 0.48312656], ""cartesian_coordinates"": [1.5333009875801653, 3.339389213549305, 3.6941153662088917]}, {""element"": ""Se"", ""fractional_coordinates"": [0.85055399, 0.76606635, 0.51687344], ""cartesian_coordinates"": [5.751189502419834, 7.327387146450694, 4.247520443791108]}, {""element"": ""Se"", ""fractional_coordinates"": [0.84993074, 0.25153968, 0.73659668], ""cartesian_coordinates"": [5.435075067396091, 4.084860497996307, 5.872163519132342]}, {""element"": ""Br"", ""fractional_coordinates"": [0.33670876, 0.87874953, 0.82261976], ""cartesian_coordinates"": [3.54540552637218, 9.360740707014438, 6.34433151465325]}, {""element"": ""Br"", ""fractional_coordinates"": [0.66329124, 0.12125047, 0.17738024], ""cartesian_coordinates"": [3.739084963627819, 1.3060356529855628, 1.5973042953467498]}]}"
mp-2422943,WSCl4,12,"[{""@module"": ""pymatgen.core.periodic_table"", ""@class"": ""Element"", ""element"": ""Cl""}, {""@module"": ""pymatgen.core.periodic_table"", ""@class"": ""Element"", ""element"": ""S""}, {""@module"": ""pymatgen.core.periodic_table"", ""@class"": ""Element"", ""element"": ""W""}]","{""W"": 2.0, ""S"": 2.0, ""Cl"": 8.0}",2.598804467156432,457.13562649582747,"{""crystal_system"": ""Triclinic"", ""symbol"": ""P-1"", ""hall"": ""-P 1"", ""number"": 2, ""point_group"": ""-1"", ""symprec"": 0.1, ""angle_tolerance"": 5.0, ""version"": ""2.7.0""}",0.203,0.2,-18.526,0.129,"{""lattice_matrix"": [[6.82832183, -0.34717997, -0.02363341], [-0.86748932, 8.23662547, -0.06860643], [-0.53381554, -1.70638125, 8.18872302]], ""a"": 6.837183007912833, ""b"": 8.282466039508048, ""c"": 8.381639499487852, ""alpha"": 101.76399547133235, ""beta"": 93.24728410185271, ""gamma"": 98.920905346532, ""volume"": 457.13562649582747, ""atoms"": [{""element"": ""W"", ""fractional_coordinates"": [0.15322956, 0.21755567, 0.76162956], ""cartesian_coordinates"": [0.4510038344674878, 0.43909593799125163, 6.218226455823913]}, {""element"": ""W"", ""fractional_coordinates"": [0.84677044, 0.78244433, 0.23837044], ""cartesian_coordinates"": [4.9760131355325115, 5.743968312008748, 1.8782567241760864]}, {""element"": ""S"", ""fractional_coordinates"": [0.32848802, 0.28780175, 0.9872763], ""cartesian_coordinates"": [1.4663335422434647, 0.5718009965422383, 8.057023822238424]}, {""element"": ""S"", ""fractional_coordinates"": [0.67151198, 0.71219825, 0.0127237], ""cartesian_coordinates"": [3.960683427756535, 5.611263253457762, 0.03945935776157469]}, {""element"": ""Cl"", ""fractional_coordinates"": [0.83991838, 0.12521167, 0.82906043], ""cartesian_coordinates"": [5.184047881974789, -0.6749743805765511, 6.760505766997984]}, {""element"": ""Cl"", ""fractional_coordinates"": [0.82539974, 0.06159497, 0.32772163], ""cartesian_coordinates"": [5.407719185589475, -0.3384456028967594, 2.659888834265952]}, {""element"": ""Cl"", ""fractional_coordinates"": [0.37232237, 0.27061596, 0.57317804], ""cartesian_coordinates"": [2.0016091668080485, 1.1216391791098221, 4.6662309685674765]}, {""element"": ""Cl"", ""fractional_coordinates"": [0.03865037, 0.45782174, 0.73257502], ""cartesian_coordinates"": [-0.5242982345970505, 2.507435291760254, 5.96653097495231]}, {""element"": ""Cl"", ""fractional_coordinates"": [0.96134963, 0.54217826, 0.26742498], ""cartesian_coordinates"": [5.9513152045970505, 3.6756289582397463, 2.1299522050476893]}, {""element"": ""Cl"", ""fractional_coordinates"": [0.62767763, 0.72938404, 0.42682196], ""cartesian_coordinates"": [3.425407803191952, 5.061425070890178, 3.4302522114325233]}, {""element"": ""Cl"", ""fractional_coordinates"": [0.17460026, 0.93840503, 0.67227837], ""cartesian_coordinates"": [0.019297784410526587, 6.521509852896759, 5.436594345734048]}, {""element"": ""Cl"", ""fractional_coordinates"": [0.16008162, 0.87478833, 0.17093957], ""cartesian_coordinates"": [0.24296908802521125, 6.8580386305765515, 1.3359774130020152]}]}"
mp-2425174,PuRu2,6,"[{""@module"": ""pymatgen.core.periodic_table"", ""@class"": ""Element"", ""element"": ""Pu""}, {""@module"": ""pymatgen.core.periodic_table"", ""@class"": ""Element"", ""element"": ""Ru""}]","{""Pu"": 2.0, ""Ru"": 4.0}",14.651019755545903,101.13055781356631,"{""crystal_system"": ""Trigonal"", ""symbol"": ""R-3m"", ""hall"": ""-R 3 2\"""", ""number"": 166, ""point_group"": ""-3m"", ""symprec"": 0.1, ""angle_tolerance"": 5.0, ""version"": ""2.7.0""}",159.058,6.6530000000000005,-14.831,0.47900000000000004,"{""lattice_matrix"": [[0.06283455, 3.72954556, 3.72954556], [3.72954556, 0.06283455, 3.72954556], [3.72954556, 3.72954556, 0.06283455]], ""a"": 5.274748178719543, ""b"": 5.274748178719543, ""c"": 5.274748178719543, ""alpha"": 58.88386546095544, ""beta"": 58.88386546095544, ""gamma"": 58.88386546095544, ""volume"": 101.13055781356631, ""atoms"": [{""element"": ""Pu"", ""fractional_coordinates"": [0.75656283, 0.75656283, 0.75656283], ""cartesian_coordinates"": [5.690809371944846, 5.690809371944846, 5.690809371944846]}, {""element"": ""Pu"", ""fractional_coordinates"": [0.49343717, 0.49343717, 0.49343717], ""cartesian_coordinates"": [3.7115977155551536, 3.7115977155551536, 3.711597715555154]}, {""element"": ""Ru"", ""fractional_coordinates"": [0.125, 0.125, 0.625], ""cartesian_coordinates"": [2.8050134887500002, 2.8050134887500002, 0.97165798375]}, {""element"": ""Ru"", ""fractional_coordinates"": [0.125, 0.625, 0.125], ""cartesian_coordinates"": [2.8050134887500002, 0.97165798375, 2.8050134887500002]}, {""element"": ""Ru"", ""fractional_coordinates"": [0.125, 0.125, 0.125], ""cartesian_coordinates"": [0.94024070875, 0.94024070875, 0.94024070875]}, {""element"": ""Ru"", ""fractional_coordinates"": [0.625, 0.125, 0.125], ""cartesian_coordinates"": [0.97165798375, 2.8050134887500002, 2.80501348875]}]}"
mp-2455462,B2(CN2)3,11,"[{""@module"": ""pymatgen.core.periodic_table"", ""@class"": ""Element"", ""element"": ""B""}, {""@module"": ""pymatgen.core.periodic_table"", ""@class"": ""Element"", ""element"": ""C""}, {""@module"": ""pymatgen.core.periodic_table"", ""@class"": ""Element"", ""element"": ""N""}]","{""B"": 2.0, ""C"": 3.0, ""N"": 6.0}",1.0263608528536532,229.24580603311506,"{""crystal_system"": ""Trigonal"", ""symbol"": ""R32"", ""hall"": ""R 3 2\"""", ""number"": 155, ""point_group"": ""32"", ""symprec"": 0.1, ""angle_tolerance"": 5.0, ""version"": ""2.7.0""}",5.5120000000000005,0.512,-19.08,0.455,"{""lattice_matrix"": [[4.41664791, -4.22556956, -0.42623755], [4.41664791, 4.22556956, -0.42623755], [0.99844947, 0.0, 6.04541007]], ""a"": 6.127307346325624, ""b"": 6.127307346325624, ""c"": 6.1273064439932075, ""alpha"": 87.20151476202481, ""beta"": 87.20151476202481, ""gamma"": 87.201514997834, ""volume"": 229.24580603311506, ""atoms"": [{""element"": ""B"", ""fractional_coordinates"": [0.32962928, 0.32962928, 0.32962928], ""cartesian_coordinates"": [3.2408311210860914, 2.1490143317419104e-17, 1.7117434152479218]}, {""element"": ""B"", ""fractional_coordinates"": [0.67037072, 0.67037072, 0.67037072], ""cartesian_coordinates"": [6.590914168913908, -2.1490143317419104e-17, 3.481191554752078]}, {""element"": ""C"", ""fractional_coordinates"": [0.42502688, 0.57497312, 0.0], ""cartesian_coordinates"": [4.41664791, 0.6336082673804544, -0.42623755]}, {""element"": ""C"", ""fractional_coordinates"": [0.57497312, 1.0, 0.42502688], ""cartesian_coordinates"": [7.380469601825933, 1.795980646309773, 1.8981490963880254]}, {""element"": ""C"", ""fractional_coordinates"": [0.0, 0.42502688, 0.57497312], ""cartesian_coordinates"": [2.451275688174067, 1.795980646309773, 3.2947858736119744]}, {""element"": ""N"", ""fractional_coordinates"": [0.32689231, 0.50107435, 0.16239122], ""cartesian_coordinates"": [3.8189766459803343, 0.7360183261227022, 0.6288110360275024]}, {""element"": ""N"", ""fractional_coordinates"": [0.16239122, 0.32689231, 0.50107435], ""cartesian_coordinates"": [2.661290499360017, 0.6951107984908205, 2.8206489082261528]}, {""element"": ""N"", ""fractional_coordinates"": [0.49892565, 0.67310769, 0.83760878], ""cartesian_coordinates"": [6.0127686440196655, 0.7360183261227026, 4.564123933972498]}, {""element"": ""N"", ""fractional_coordinates"": [0.67310769, 0.83760878, 0.49892565], ""cartesian_coordinates"": [7.170454790639983, 0.6951107984908204, 2.372286061773847]}, {""element"": ""N"", ""fractional_coordinates"": [0.83760878, 0.49892565, 0.67310769], ""cartesian_coordinates"": [6.575066013235966, -1.431129124613523, 3.499530846386592]}, {""element"": ""N"", ""fractional_coordinates"": [0.50107435, 0.16239122, 0.32689231], ""cartesian_coordinates"": [3.2566792767640345, -1.431129124613523, 1.6934041236134083]}]}"
mp-2456335,PbBr2,12,"[{""@module"": ""pymatgen.core.periodic_table"", ""@class"": ""Element"", ""element"": ""Br""}, {""@module"": ""pymatgen.core.periodic_table"", ""@class"": ""Element"", ""element"": ""Pb""}]","{""Pb"": 4.0, ""Br"": 8.0}",4.794035021190213,508.49117281157277,"{""crystal_system"": ""Orthorhombic"", ""symbol"": ""Cmce"", ""hall"": ""-C 2ac 2"", ""number"": 64, ""point_group"": ""mmm"", ""symprec"": 0.1, ""angle_tolerance"": 5.0, ""version"": ""2.7.0""}",4.359,1.297,-15.813,0.365,"{""lattice_matrix"": [[4.50177832, 0.0, 0.0], [-0.0, 7.78386196, 0.0], [0.0, 0.0, 14.51122872]], ""a"": 4.50177832, ""b"": 7.78386196, ""c"": 14.51122872, ""alpha"": 90.0, ""beta"": 90.0, ""gamma"": 90.0, ""volume"": 508.49117281157277, ""atoms"": [{""element"": ""Pb"", ""fractional_coordinates"": [0.25, 0.74991711, 0.99995302], ""cartesian_coordinates"": [1.12544458, 5.837251265682136, 14.510546982474734]}, {""element"": ""Pb"", ""fractional_coordinates"": [0.75, 0.25008289, 4.698e-05], ""cartesian_coordinates"": [3.3763337399999998, 1.9466106943178645, 0.0006817375252656]}, {""element"": ""Pb"", ""fractional_coordinates"": [0.25, 0.24991711, 0.50004698], ""cartesian_coordinates"": [1.12544458, 1.9453202856821357, 7.256296097525266]}, {""element"": ""Pb"", ""fractional_coordinates"": [0.75, 0.75008289, 0.49995302], ""cartesian_coordinates"": [3.3763337399999998, 5.838541674317864, 7.254932622474735]}, {""element"": ""Br"", ""fractional_coordinates"": [0.25, 0.4165278, 0.11456173], ""cartesian_coordinates"": [1.12544458, 3.2421948977024884, 1.6624314665888855]}, {""element"": ""Br"", ""fractional_coordinates"": [0.75, 0.5834722, 0.88543827], ""cartesian_coordinates"": [3.3763337399999998, 4.541667062297512, 12.848797253411114]}, {""element"": ""Br"", ""fractional_coordinates"": [0.25, 0.9165278, 0.38543827], ""cartesian_coordinates"": [1.12544458, 7.1341258777024885, 5.5931828934111145]}, {""element"": ""Br"", ""fractional_coordinates"": [0.75, 0.0834722, 0.61456173], ""cartesian_coordinates"": [3.3763337399999998, 0.649736082297512, 8.918045826588886]}, {""element"": ""Br"", ""fractional_coordinates"": [0.75, 0.41626336, 0.38553803], ""cartesian_coordinates"": [3.3763337399999998, 3.240136533245786, 5.594630533588221]}, {""element"": ""Br"", ""fractional_coordinates"": [0.25, 0.58373664, 0.61446197], ""cartesian_coordinates"": [1.12544458, 4.543725426754214, 8.916598186411779]}, {""element"": ""Br"", ""fractional_coordinates"": [0.75, 0.91626336, 0.11446197], ""cartesian_coordinates"": [3.3763337399999998, 7.132067513245786, 1.6609838264117784]}, {""element"": ""Br"", ""fractional_coordinates"": [0.25, 0.08373664, 0.88553803], ""cartesian_coordinates"": [1.12544458, 0.6517944467542144, 12.850244893588222]}]}"
mp-2456411,CsCuCl3,10,"[{""@module"": ""pymatgen.core.periodic_table"", ""@class"": ""Element"", ""element"": ""Cl""}, {""@module"": ""pymatgen.core.periodic_table"", ""@class"": ""Element"", ""element"": ""Cs""}, {""@module"": ""pymatgen.core.periodic_table"", ""@class"": ""Element"", ""element"": ""Cu""}]","{""Cs"": 2.0, ""Cu"": 2.0, ""Cl"": 6.0}",3.337446268702328,301.3253520050113,"{""crystal_system"": ""Monoclinic"", ""symbol"": ""C2/c"", ""hall"": ""-C 2yc"", ""number"": 15, ""point_group"": ""2/m"", ""symprec"": 0.1, ""angle_tolerance"": 5.0, ""version"": ""2.7.0""}",7.946,4.371,3.388,0.268,"{""lattice_matrix"": [[3.72587916, -6.44605284, -0.14818798], [3.5471011, 6.34877883, 0.07240876], [-0.05045938, 0.07362005, 6.47916011]], ""a"": 7.446860573987595, ""b"": 7.272837264397032, ""c"": 6.479774825702448, ""alpha"": 89.07892483559694, ""beta"": 91.92712136807158, ""gamma"": 120.7840915119238, ""volume"": 301.3253520050113, ""atoms"": [{""element"": ""Cs"", ""fractional_coordinates"": [0.66031768, 0.32015076, 0.27205308], ""cartesian_coordinates"": [3.582143366109494, -2.2038477276175463, 1.68800604012581]}, {""element"": ""Cs"", ""fractional_coordinates"": [0.3403486, 0.67986563, 0.77162796], ""cartesian_coordinates"": [3.6407140114481042, 2.1792187483651864, 4.998293753897766]}, {""element"": ""Cu"", ""fractional_coordinates"": [7.959e-05, 0.00021152, 0.02060672], ""cartesian_coordinates"": [7.023231982800098e-06, 0.002346920109322, 0.13351775984152617]}, {""element"": ""Cu"", ""fractional_coordinates"": [0.99983145, 0.99977075, 0.52060651], ""cartesian_coordinates"": [7.245269608421843, -0.05931590804406974, 3.297322089974115]}, {""element"": ""Cl"", ""fractional_coordinates"": [0.85206478, 0.16720115, 0.84103326], ""cartesian_coordinates"": [3.7253317729992705, -4.369014562858458, 5.335030218739988]}, {""element"": ""Cl"", ""fractional_coordinates"": [0.13656872, 0.27344434, 0.27125598], ""cartesian_coordinates"": [1.465085858386557, 0.8756783303745563, 1.7570728480553905]}, {""element"": ""Cl"", ""fractional_coordinates"": [0.68476153, 0.83288278, 0.34061346], ""cartesian_coordinates"": [5.488470995294517, 0.8988555363121757, 2.165723724373824]}, {""element"": ""Cl"", ""fractional_coordinates"": [0.14799126, 0.83326047, 0.2006618], ""cartesian_coordinates"": [3.4969314112019747, 4.350999681742762, 1.3385247616734604]}, {""element"": ""Cl"", ""fractional_coordinates"": [0.86320688, 0.72654875, 0.77045459], ""cartesian_coordinates"": [5.754469734359692, -0.8948589319300483, 4.916590256292152]}, {""element"": ""Cl"", ""fractional_coordinates"": [0.31482952, 0.16666385, 0.70108465], ""cartesian_coordinates"": [1.7288139764195212, -0.9196819119183085, 4.507853670115468]}]}"
mp-2458726,Zn2MoN3,12,"[{""@module"": ""pymatgen.core.periodic_table"", ""@class"": ""Element"", ""element"": ""Mo""}, {""@module"": ""pymatgen.core.periodic_table"", ""@class"": ""Element"", ""element"": ""N""}, {""@module"": ""pymatgen.core.periodic_table"", ""@class"": ""Element"", ""element"": ""Zn""}]","{""Zn"": 4.0, ""Mo"": 2.0, ""N"": 6.0}",5.946794276233755,150.10323720253172,"{""crystal_system"": ""Monoclinic"", ""symbol"": ""Cm"", ""hall"": ""C -2y"", ""number"": 8, ""point_group"": ""m"", ""symprec"": 0.1, ""angle_tolerance"": 5.0, ""version"": ""2.7.0""}",148.381,59.017,0.107,0.324,"{""lattice_matrix"": [[2.86914048, -4.97388833, -0.11511162], [2.86904216, 4.9739392, -0.11518334], [-0.21276963, 2.766e-05, 5.26771204]], ""a"": 5.7432380151221185, ""b"": 5.743234392131986, ""c"": 5.272007307712725, ""alpha"": 92.303664019703, ""beta"": 92.30350779458165, ""gamma"": 120.00500079235097, ""volume"": 150.10323720253172, ""atoms"": [{""element"": ""Zn"", ""fractional_coordinates"": [0.50703436, 0.17169244, 0.52284107], ""cartesian_coordinates"": [1.8361009549274592, -1.667930066669375, 2.67603454417827]}, {""element"": ""Zn"", ""fractional_coordinates"": [0.17169122, 0.50703694, 0.52284385], ""cartesian_coordinates"": [1.8360712943877004, 1.6680124180534763, 2.676024980958398]}, {""element"": ""Zn"", ""fractional_coordinates"": [0.49441295, 0.81935447, 0.03823188], ""cartesian_coordinates"": [3.7611681441338667, 1.6162655723161512, 0.050105874465826435]}, {""element"": ""Zn"", ""fractional_coordinates"": [0.81935553, 0.49440944, 0.03823186], ""cartesian_coordinates"": [3.7611930675904333, -1.6162193568286696, 0.050129356192606216]}, {""element"": ""Mo"", ""fractional_coordinates"": [0.15441642, 0.15441699, 0.01938775], ""cartesian_coordinates"": [0.8819461315349475, 1.1226573794423936e-05, 0.066567695181763]}, {""element"": ""Mo"", ""fractional_coordinates"": [0.82990869, 0.82990797, 0.57710051], ""cartesian_coordinates"": [4.639376110047276, 5.459881894347051e-05, 2.8488755991819428]}, {""element"": ""N"", ""fractional_coordinates"": [0.47001056, 0.15347996, 0.13082295], ""cartesian_coordinates"": [1.7610316490115738, -1.5743764313395359, 0.6173556174287443]}, {""element"": ""N"", ""fractional_coordinates"": [0.15348203, 0.47001176, 0.13082575], ""cartesian_coordinates"": [1.7610093139394034, 1.5744110582835271, 0.6173472889467629]}, {""element"": ""N"", ""fractional_coordinates"": [0.52072178, 0.84682192, 0.64466306], ""cartesian_coordinates"": [3.786427007556934, 1.622046589968676, 3.238418458109346]}, {""element"": ""N"", ""fractional_coordinates"": [0.84681924, 0.52072049, 0.64466364], ""cartesian_coordinates"": [3.78644755595544, -1.6219344466049785, 3.2384453583700203]}, {""element"": ""N"", ""fractional_coordinates"": [0.17905338, 0.17905425, 0.64800974], ""cartesian_coordinates"": [0.8895667001998061, 3.135972195293538e-05, 3.372293518240799]}, {""element"": ""N"", ""fractional_coordinates"": [0.85309384, 0.85309337, 0.19361792], ""cartesian_coordinates"": [4.854010901329352, 4.641460388402948e-05, 0.8234602907208802]}]}"
mp-2458827,TePdI2,8,"[{""@module"": ""pymatgen.core.periodic_table"", ""@class"": ""Element"", ""element"": ""I""}, {""@module"": ""pymatgen.core.periodic_table"", ""@class"": ""Element"", ""element"": ""Pd""}, {""@module"": ""pymatgen.core.periodic_table"", ""@class"": ""Element"", ""element"": ""Te""}]","{""Te"": 2.0, ""Pd"": 2.0, ""I"": 4.0}",5.720809286710527,283.197349613315,"{""crystal_system"": ""Triclinic"", ""symbol"": ""P-1"", ""hall"": ""-P 1"", ""number"": 2, ""point_group"": ""-1"", ""symprec"": 0.1, ""angle_tolerance"": 5.0, ""version"": ""2.7.0""}",6.67,3.699,147.294,0.266,"{""lattice_matrix"": [[4.09017441, -0.20592741, -0.03761572], [0.50358138, 7.09395223, 0.32717463], [1.11211707, 3.58561963, 9.88494488]], ""a"": 4.095527773657417, ""b"": 7.119325507821673, ""c"": 10.573817086987317, ""alpha"": 67.15145423049968, ""beta"": 85.44578819555288, ""gamma"": 88.8472436250526, ""volume"": 283.197349613315, ""atoms"": [{""element"": ""Te"", ""fractional_coordinates"": [0.21182828, 0.5102566, 0.13139978], ""cartesian_coordinates"": [1.2695022712846675, 4.047264326922744, 1.4578545235856228]}, {""element"": ""Te"", ""fractional_coordinates"": [0.78817172, 0.4897434, 0.86860022], ""cartesian_coordinates"": [4.436370588715333, 6.426380123077256, 8.716649266414379]}, {""element"": ""Pd"", ""fractional_coordinates"": [0.249723, 0.24086615, 0.01609137], ""cartesian_coordinates"": [1.160601819657403, 1.7149656834621776, 0.2284740885539001]}, {""element"": ""Pd"", ""fractional_coordinates"": [0.750277, 0.75913385, 0.98390863], ""cartesian_coordinates"": [4.545271040342597, 8.758678766537823, 9.9460297014461]}, {""element"": ""I"", ""fractional_coordinates"": [0.29390979, 0.03984736, 0.8332318], ""cartesian_coordinates"": [2.148859998491457, 3.2098034849235026, 8.238431832161762]}, {""element"": ""I"", ""fractional_coordinates"": [0.28046646, 0.70298081, 0.62549045], ""cartesian_coordinates"": [2.196783390535588, 7.171927388944572, 6.402386159796496]}, {""element"": ""I"", ""fractional_coordinates"": [0.70609021, 0.96015264, 0.1667682], ""cartesian_coordinates"": [3.557012861508544, 7.263840965076497, 1.9360719578382382]}, {""element"": ""I"", ""fractional_coordinates"": [0.71953354, 0.29701919, 0.37450955], ""cartesian_coordinates"": [3.509089469464412, 3.3017170610554287, 3.7721176302035055]}]}"
mp-2464440,KAgCl3,5,"[{""@module"": ""pymatgen.core.periodic_table"", ""@class"": ""Element"", ""element"": ""Ag""}, {""@module"": ""pymatgen.core.periodic_table"", ""@class"": ""Element"", ""element"": ""Cl""}, {""@module"": ""pymatgen.core.periodic_table"", ""@class"": ""Element"", ""element"": ""K""}]","{""K"": 1.0, ""Ag"": 1.0, ""Cl"": 3.0}",3.118769569309319,134.87911836873917,"{""crystal_system"": ""Cubic"", ""symbol"": ""Pm-3m"", ""hall"": ""-P 4 2 3"", ""number"": 221, ""point_group"": ""m-3m"", ""symprec"": 0.1, ""angle_tolerance"": 5.0, ""version"": ""2.7.0""}",31.855,11.58,0.537,0.338,"{""lattice_matrix"": [[5.12817365, 0.0, 0.0], [0.0, 5.12817365, 0.0], [0.0, 0.0, 5.12884144]], ""a"": 5.12817365, ""b"": 5.12817365, ""c"": 5.12884144, ""alpha"": 90.0, ""beta"": 90.0, ""gamma"": 90.0, ""volume"": 134.87911836873917, ""atoms"": [{""element"": ""K"", ""fractional_coordinates"": [0.5, 0.5, 0.99206431], ""cartesian_coordinates"": [2.564086825, 2.564086825, 5.088140544273006]}, {""element"": ""Ag"", ""fractional_coordinates"": [0.0, 0.0, 0.48666511], ""cartesian_coordinates"": [0.0, 0.0, 2.4960281835701585]}, {""element"": ""Cl"", ""fractional_coordinates"": [0.5, 0.0, 0.4863043], ""cartesian_coordinates"": [2.564086825, 0.0, 2.494177646290192]}, {""element"": ""Cl"", ""fractional_coordinates"": [-0.0, 0.0, 0.98662498], ""cartesian_coordinates"": [0.0, 0.0, 5.060243083163171]}, {""element"": ""Cl"", ""fractional_coordinates"": [-0.0, 0.5, 0.4863043], ""cartesian_coordinates"": [0.0, 2.564086825, 2.494177646290192]}]}"
mp-2468774,LiCuS,12,"[{""@module"": ""pymatgen.core.periodic_table"", ""@class"": ""Element"", ""element"": ""Cu""}, {""@module"": ""pymatgen.core.periodic_table"", ""@class"": ""Element"", ""element"": ""Li""}, {""@module"": ""pymatgen.core.periodic_table"", ""@class"": ""Element"", ""element"": ""S""}]","{""Li"": 4.0, ""Cu"": 4.0, ""S"": 4.0}",3.9861674236559863,170.88253903765812,"{""crystal_system"": ""Tetragonal"", ""symbol"": ""P4/nmm"", ""hall"": ""P 4ab 2ab -1ab"", ""number"": 129, ""point_group"": ""4/mmm"", ""symprec"": 0.1, ""angle_tolerance"": 5.0, ""version"": ""2.7.0""}",62.759,30.22,0.751,0.293,"{""lattice_matrix"": [[3.72920693, -0.0, 0.0], [-0.0, 3.72872994, 0.0], [0.0, 0.0, 12.28910559]], ""a"": 3.72920693, ""b"": 3.72872994, ""c"": 12.28910559, ""alpha"": 90.0, ""beta"": 90.0, ""gamma"": 90.0, ""volume"": 170.88253903765812, ""atoms"": [{""element"": ""Li"", ""fractional_coordinates"": [0.25, 0.24978176, 0.07824567], ""cartesian_coordinates"": [0.9323017325, 0.9313687269778944, 0.9615693005902953]}, {""element"": ""Li"", ""fractional_coordinates"": [0.75, 0.74978176, 0.42175433], ""cartesian_coordinates"": [2.7969051975, 2.7957336969778943, 5.182983494409705]}, {""element"": ""Li"", ""fractional_coordinates"": [0.25, 0.25021824, 0.57824567], ""cartesian_coordinates"": [0.9323017325, 0.9329962430221055, 7.106122095590296]}, {""element"": ""Li"", ""fractional_coordinates"": [0.75, 0.75021824, 0.92175433], ""cartesian_coordinates"": [2.7969051975, 2.7973612130221057, 11.327536289409704]}, {""element"": ""Cu"", ""fractional_coordinates"": [0.25, 0.74855373, 0.24979191], ""cartesian_coordinates"": [0.9323017325, 2.7911547047496765, 3.069719157517777]}, {""element"": ""Cu"", ""fractional_coordinates"": [0.75, 0.24855373, 0.25020809], ""cartesian_coordinates"": [2.7969051975, 0.9267897347496762, 3.074833637482223]}, {""element"": ""Cu"", ""fractional_coordinates"": [0.25, 0.75144627, 0.74979191], ""cartesian_coordinates"": [0.9323017325, 2.8019402052503235, 9.214271952517777]}, {""element"": ""Cu"", ""fractional_coordinates"": [0.75, 0.25144627, 0.75020809], ""cartesian_coordinates"": [2.7969051975, 0.9375752352503239, 9.219386432482223]}, {""element"": ""S"", ""fractional_coordinates"": [0.75, 0.74903455, 0.12409106], ""cartesian_coordinates"": [2.7969051975, 2.792947552679427, 1.5249681391150254]}, {""element"": ""S"", ""fractional_coordinates"": [0.25, 0.24903455, 0.37590894], ""cartesian_coordinates"": [0.9323017325, 0.928582582679427, 4.619584655884975]}, {""element"": ""S"", ""fractional_coordinates"": [0.75, 0.75096545, 0.62409106], ""cartesian_coordinates"": [2.7969051975, 2.800147357320573, 7.669520934115026]}, {""element"": ""S"", ""fractional_coordinates"": [0.25, 0.25096545, 0.87590894], ""cartesian_coordinates"": [0.9323017325, 0.935782387320573, 10.764137450884974]}]}"
mp-2468815,LiCoS2,8,"[{""@module"": ""pymatgen.core.periodic_table"", ""@class"": ""Element"", ""element"": ""Co""}, {""@module"": ""pymatgen.core.periodic_table"", ""@class"": ""Element"", ""element"": ""Li""}, {""@module"": ""pymatgen.core.periodic_table"", ""@class"": ""Element"", ""element"": ""S""}]","{""Li"": 2.0, ""Co"": 2.0, ""S"": 4.0}",3.6155573680003847,119.41563800459717,"{""crystal_system"": ""Monoclinic"", ""symbol"": ""P2_1/m"", ""hall"": ""-P 2yb"", ""number"": 11, ""point_group"": ""2/m"", ""symprec"": 0.1, ""angle_tolerance"": 5.0, ""version"": ""2.7.0""}",80.565,31.703,2.011,0.326,"{""lattice_matrix"": [[4.37898227, 0.0, 0.0], [0.0, 3.3741321, -0.02623689], [0.0, 0.00837598, 8.08206679]], ""a"": 4.37898227, ""b"": 3.374234106082043, ""c"": 8.082071130289679, ""alpha"": 90.3861374866323, ""beta"": 90.0, ""gamma"": 90.0, ""volume"": 119.41563800459717, ""atoms"": [{""element"": ""Li"", ""fractional_coordinates"": [0.25, 0.77723646, 0.12931062], ""cartesian_coordinates"": [1.0947455675, 2.6235815921432737, 1.0247047999913004]}, {""element"": ""Li"", ""fractional_coordinates"": [0.75, 0.22276354, 0.87068938], ""cartesian_coordinates"": [3.2842367025, 0.7589264878567266, 7.0311251000087]}, {""element"": ""Co"", ""fractional_coordinates"": [0.75, 0.74835395, 0.37078522], ""cartesian_coordinates"": [3.2842367025, 2.528150774443811, 2.9770764325176287]}, {""element"": ""Co"", ""fractional_coordinates"": [0.25, 0.25164605, 0.62921478], ""cartesian_coordinates"": [1.0947455675, 0.8543573055561895, 5.078753467482372]}, {""element"": ""S"", ""fractional_coordinates"": [0.75, 0.24566086, 0.17794679], ""cartesian_coordinates"": [3.2842367025, 0.8303826721937103, 1.4317324648849787]}, {""element"": ""S"", ""fractional_coordinates"": [0.25, 0.74906878, 0.44784493], ""cartesian_coordinates"": [1.0947455675, 2.5312081558826196, 3.5998594006395805]}, {""element"": ""S"", ""fractional_coordinates"": [0.75, 0.25093122, 0.55215507], ""cartesian_coordinates"": [3.2842367025, 0.8512999241173806, 4.4559704993604194]}, {""element"": ""S"", ""fractional_coordinates"": [0.25, 0.75433914, 0.82205321], ""cartesian_coordinates"": [1.0947455675, 2.5521254078062903, 6.624097435115022]}]}"
mp-2468835,Li7B18O,26,"[{""@module"": ""pymatgen.core.periodic_table"", ""@class"": ""Element"", ""element"": ""B""}, {""@module"": ""pymatgen.core.periodic_table"", ""@class"": ""Element"", ""element"": ""Li""}, {""@module"": ""pymatgen.core.periodic_table"", ""@class"": ""Element"", ""element"": ""O""}]","{""Li"": 7.0, ""B"": 18.0, ""O"": 1.0}",1.8041686563718107,238.55077003726248,"{""crystal_system"": ""Monoclinic"", ""symbol"": ""P2/m"", ""hall"": ""-P 2y"", ""number"": 10, ""point_group"": ""2/m"", ""symprec"": 0.1, ""angle_tolerance"": 5.0, ""version"": ""2.7.0""}",129.576,91.595,1.351,0.214,"{""lattice_matrix"": [[4.11766649, 0.0, 0.0], [0.0, 8.17749925, -0.00293363], [0.0, 4.07692885, 7.0830364]], ""a"": 4.11766649, ""b"": 8.177499776211281, ""c"": 8.172561011805742, ""alpha"": 60.096230306781045, ""beta"": 90.0, ""gamma"": 90.0, ""volume"": 238.55077003726248, ""atoms"": [{""element"": ""Li"", ""fractional_coordinates"": [0.0, 0.2765107, 0.90402271], ""cartesian_coordinates"": [0.0, 5.946802309321158, 6.402414581271803]}, {""element"": ""Li"", ""fractional_coordinates"": [0.0, 0.67825304, 0.66637125], ""cartesian_coordinates"": [0.0, 8.263161899845782, 4.717942076197764]}, {""element"": ""Li"", ""fractional_coordinates"": [0.5, 0.00682332, 0.99684098], ""cartesian_coordinates"": [2.058833245, 4.1198474444067825, 7.06064092925542]}, {""element"": ""Li"", ""fractional_coordinates"": [0.0, 0.95021736, 0.25460596], ""cartesian_coordinates"": [0.0, 8.808412132442927, 1.8005956961831273]}, {""element"": ""Li"", ""fractional_coordinates"": [0.0, 0.33338544, 0.32891032], ""cartesian_coordinates"": [0.0, 4.067203158231652, 2.3287057393673005]}, {""element"": ""Li"", ""fractional_coordinates"": [0.0, 0.73582231, 0.09046385], ""cartesian_coordinates"": [0.0, 6.38600106810534, 0.6386001120308546]}, {""element"": ""Li"", ""fractional_coordinates"": [0.0, 0.06231387, 0.74003896], ""cartesian_coordinates"": [0.0, 3.5266578113375937, 5.241540085259696]}, {""element"": ""B"", ""fractional_coordinates"": [0.80042076, 0.50567777, 0.49776226], ""cartesian_coordinates"": [3.2958657413523325, 6.164520903151875, 3.524184734649859]}, {""element"": ""B"", ""fractional_coordinates"": [0.5, 0.67823281, 0.44729584], ""cartesian_coordinates"": [2.058833245, 7.3698416096813775, 3.166223032170176]}, {""element"": ""B"", ""fractional_coordinates"": [0.5, 0.88203556, 0.44980231], ""cartesian_coordinates"": [2.058833245, 9.046657144808973, 3.1833785685542013]}, {""element"": ""B"", ""fractional_coordinates"": [0.5, 0.45623712, 0.66978374], ""cartesian_coordinates"": [2.058833245, 6.461539359489059, 4.74276417964579]}, {""element"": ""B"", ""fractional_coordinates"": [0.79795578, 0.00570882, 0.49772535], ""cartesian_coordinates"": [3.2857157758078124, 2.0758747100597326, 3.5253900236871236]}, {""element"": ""B"", ""fractional_coordinates"": [0.5, 0.45816615, 0.87412182], ""cartesian_coordinates"": [2.058833245, 7.310385814372895, 6.190092579131624]}, {""element"": ""B"", ""fractional_coordinates"": [0.5, 0.88341191, 0.67124765], ""cartesian_coordinates"": [2.058833245, 9.96072914124577, 4.751879934682926]}, {""element"": ""B"", ""fractional_coordinates"": [0.5, 0.67931271, 0.87591877], ""cartesian_coordinates"": [2.058833245, 9.126137680209983, 6.20217167920779]}, {""element"": ""B"", ""fractional_coordinates"": [0.20123336, 0.50571507, 0.99772983], ""cartesian_coordinates"": [0.8286118631421064, 8.203158134071293, 7.065473122355009]}, {""element"": ""B"", ""fractional_coordinates"": [0.79876664, 0.50571507, 0.99772983], ""cartesian_coordinates"": [3.2890546268578937, 8.203158134071293, 7.065473122355009]}, {""element"": ""B"", ""fractional_coordinates"": [0.5, 0.33209093, 0.11955884], ""cartesian_coordinates"": [2.058833245, 3.2031062150753367, 0.8458653837468001]}, {""element"": ""B"", ""fractional_coordinates"": [0.5, 0.12798092, 0.32421448], ""cartesian_coordinates"": [2.058833245, 2.368363244414058, 2.2960475145807324]}, {""element"": ""B"", ""fractional_coordinates"": [0.5, 0.55321878, 0.12138757], ""cartesian_coordinates"": [2.058833245, 5.01883464470031, 0.8581696376079766]}, {""element"": ""B"", ""fractional_coordinates"": [0.20204422, 0.00570882, 0.49772535], ""cartesian_coordinates"": [0.8319507141921879, 2.0758747100597326, 3.5253900236871236]}, {""element"": ""B"", ""fractional_coordinates"": [0.5, 0.55511646, 0.3257384], ""cartesian_coordinates"": [2.058833245, 5.867476715825496, 2.3055884377772102]}, {""element"": ""B"", ""fractional_coordinates"": [0.5, 0.12933872, 0.54567481], ""cartesian_coordinates"": [2.058833245, 3.2823446614032283, 3.8646551098439303]}, {""element"": ""B"", ""fractional_coordinates"": [0.5, 0.33311458, 0.54822429], ""cartesian_coordinates"": [2.058833245, 4.959115652285831, 3.88211536650883]}, {""element"": ""B"", ""fractional_coordinates"": [0.19957924, 0.50567777, 0.49776226], ""cartesian_coordinates"": [0.8218007486476676, 6.164520903151875, 3.524184734649859]}, {""element"": ""O"", ""fractional_coordinates"": [0.0, 0.00616198, 0.99734255], ""cartesian_coordinates"": [0.0, 4.116484202256083, 7.064195507949433]}]}"
mp-2475638,LiBe,4,"[{""@module"": ""pymatgen.core.periodic_table"", ""@class"": ""Element"", ""element"": ""Be""}, {""@module"": ""pymatgen.core.periodic_table"", ""@class"": ""Element"", ""element"": ""Li""}]","{""Li"": 2.0, ""Be"": 2.0}",1.1584760250060153,45.73401850841711,"{""crystal_system"": ""Monoclinic"", ""symbol"": ""P2_1/m"", ""hall"": ""-P 2yb"", ""number"": 11, ""point_group"": ""2/m"", ""symprec"": 0.1, ""angle_tolerance"": 5.0, ""version"": ""2.7.0""}",34.988,27.752,22.309,0.186,"{""lattice_matrix"": [[3.61277298, 0.0, 0.0], [0.0, 2.29245543, 0.12728126], [0.0, 1.58568054, 5.61005749]], ""a"": 3.61277298, ""b"": 2.2959861536350066, ""c"": 5.829848009685998, ""alpha"": 71.03917386040762, ""beta"": 90.0, ""gamma"": 90.0, ""volume"": 45.73401850841711, ""atoms"": [{""element"": ""Li"", ""fractional_coordinates"": [0.75, 0.58198982, 0.15485774], ""cartesian_coordinates"": [2.709579735, 1.5797406278501023, 0.9428372217682458]}, {""element"": ""Li"", ""fractional_coordinates"": [0.25, 0.41801018, 0.84514226], ""cartesian_coordinates"": [0.903193245, 2.298395342149898, 4.794501528231755]}, {""element"": ""Be"", ""fractional_coordinates"": [0.75, 0.18024644, 0.57617164], ""cartesian_coordinates"": [2.709579735, 1.3268310873640548, 3.255298018501298]}, {""element"": ""Be"", ""fractional_coordinates"": [0.25, 0.81975356, 0.42382836], ""cartesian_coordinates"": [0.903193245, 2.5513048826359452, 2.482040731498702]}]}"
mp-2479693,LiCaSn,9,"[{""@module"": ""pymatgen.core.periodic_table"", ""@class"": ""Element"", ""element"": ""Ca""}, {""@module"": ""pymatgen.core.periodic_table"", ""@class"": ""Element"", ""element"": ""Li""}, {""@module"": ""pymatgen.core.periodic_table"", ""@class"": ""Element"", ""element"": ""Sn""}]","{""Li"": 3.0, ""Ca"": 3.0, ""Sn"": 3.0}",3.6295138700500096,227.46804878520885,"{""crystal_system"": ""Hexagonal"", ""symbol"": ""P-6m2"", ""hall"": ""P -6 2"", ""number"": 187, ""point_group"": ""-6m2"", ""symprec"": 0.1, ""angle_tolerance"": 5.0, ""version"": ""2.7.0""}",33.128,26.704,0.069,0.182,"{""lattice_matrix"": [[2.46205905, -4.26441072, -0.0], [2.46205905, 4.26441072, 0.0], [0.0, 0.0, 10.8326052]], ""a"": 4.924117540690699, ""b"": 4.924117540690699, ""c"": 10.8326052, ""alpha"": 90.0, ""beta"": 90.0, ""gamma"": 119.99999248523095, ""volume"": 227.46804878520885, ""atoms"": [{""element"": ""Li"", ""fractional_coordinates"": [0.333333, 0.666667, 0.79874996], ""cartesian_coordinates"": [2.46205905, 1.42147308294048, 8.65254297019579]}, {""element"": ""Li"", ""fractional_coordinates"": [0.666667, 0.333333, 0.49501927], ""cartesian_coordinates"": [2.46205905, -1.42147308294048, 5.362348318302204]}, {""element"": ""Li"", ""fractional_coordinates"": [0.333333, 0.666667, 0.19197864], ""cartesian_coordinates"": [2.46205905, 1.42147308294048, 2.079628813952928]}, {""element"": ""Ca"", ""fractional_coordinates"": [0.0, -0.0, 0.66221999], ""cartesian_coordinates"": [0.0, 0.0, 7.173567707217948]}, {""element"": ""Ca"", ""fractional_coordinates"": [0.0, -0.0, 0.32785273], ""cartesian_coordinates"": [0.0, 0.0, 3.5514991878321958]}, {""element"": ""Ca"", ""fractional_coordinates"": [0.0, -0.0, 0.99508289], ""cartesian_coordinates"": [0.0, 0.0, 10.779340088645029]}, {""element"": ""Sn"", ""fractional_coordinates"": [0.666667, 0.333333, 0.84640401], ""cartesian_coordinates"": [2.46205905, -1.42147308294048, 9.168760480026851]}, {""element"": ""Sn"", ""fractional_coordinates"": [0.666667, 0.333333, 0.14370666], ""cartesian_coordinates"": [2.46205905, -1.42147308294048, 1.556717512390632]}, {""element"": ""Sn"", ""fractional_coordinates"": [0.333333, 0.666667, 0.49498685], ""cartesian_coordinates"": [2.46205905, 1.42147308294048, 5.361997125241619]}]}"
mp-2479851,Mg3Cu,4,"[{""@module"": ""pymatgen.core.periodic_table"", ""@class"": ""Element"", ""element"": ""Cu""}, {""@module"": ""pymatgen.core.periodic_table"", ""@class"": ""Element"", ""element"": ""Mg""}]","{""Mg"": 3.0, ""Cu"": 1.0}",2.973724977621208,76.20032907856758,"{""crystal_system"": ""Orthorhombic"", ""symbol"": ""Immm"", ""hall"": ""-I 2 2"", ""number"": 71, ""point_group"": ""mmm"", ""symprec"": 0.1, ""angle_tolerance"": 5.0, ""version"": ""2.7.0""}",44.71,22.319,6.284,0.28600000000000003,"{""lattice_matrix"": [[-1.63709692, 2.40397309, 4.8405294], [1.63709692, -2.40397309, 4.8405294], [1.63709692, 2.40397309, -4.8405294]], ""a"": 5.647114113879939, ""b"": 5.647114113879939, ""c"": 5.647114113879939, ""alpha"": 146.29609246165074, ""beta"": 129.6101176340951, ""gamma"": 61.99969117905822, ""volume"": 76.20032907856758, ""atoms"": [{""element"": ""Mg"", ""fractional_coordinates"": [0.79946998, 0.71771027, 0.08175871], ""cartesian_coordinates"": [-1.6370969200414765e-06, 0.39309388139931795, 6.948200165763276]}, {""element"": ""Mg"", ""fractional_coordinates"": [0.08408633, 0.5, 0.58408633], ""cartesian_coordinates"": [1.63709692, 0.40428254911371936, 2.950512907947882e-16]}, {""element"": ""Mg"", ""fractional_coordinates"": [0.36404844, 0.28228973, 0.08175871], ""cartesian_coordinates"": [9.588319898636683e-17, 0.3930914774262277, 2.7328634747661242]}, {""element"": ""Cu"", ""fractional_coordinates"": [0.58572225, -0.0, 0.58572225], ""cartesian_coordinates"": [-5.427692369579518e-18, 2.816121054428505, -9.954800769520489e-17]}]}"
mp-2488451,Fe11MoC4,16,"[{""@module"": ""pymatgen.core.periodic_table"", ""@class"": ""Element"", ""element"": ""C""}, {""@module"": ""pymatgen.core.periodic_table"", ""@class"": ""Element"", ""element"": ""Fe""}, {""@module"": ""pymatgen.core.periodic_table"", ""@class"": ""Element"", ""element"": ""Mo""}]","{""Fe"": 11.0, ""Mo"": 1.0, ""C"": 4.0}",7.573136394028506,166.26531551545244,"{""crystal_system"": ""Orthorhombic"", ""symbol"": ""Pmmm"", ""hall"": ""-P 2 2"", ""number"": 47, ""point_group"": ""mmm"", ""symprec"": 0.1, ""angle_tolerance"": 5.0, ""version"": ""2.7.0""}",201.371,86.946,0.626,0.311,"{""lattice_matrix"": [[2.94497809, 0.0, 0.0], [0.0, 5.64610571, 0.0], [0.0, 0.0, 9.99932278]], ""a"": 2.94497809, ""b"": 5.64610571, ""c"": 9.99932278, ""alpha"": 90.0, ""beta"": 90.0, ""gamma"": 90.0, ""volume"": 166.26531551545244, ""atoms"": [{""element"": ""Fe"", ""fractional_coordinates"": [0.25017514, 0.0, 0.82036822], ""cartesian_coordinates"": [0.7367603059626827, 0.0, 8.20312663023405]}, {""element"": ""Fe"", ""fractional_coordinates"": [0.75013691, 0.24367293, 0.31070927], ""cartesian_coordinates"": [2.209136764450302, 1.3758031214454303, 3.1068822814681702]}, {""element"": ""Fe"", ""fractional_coordinates"": [0.75013691, 0.24367293, 0.68929073], ""cartesian_coordinates"": [2.209136764450302, 1.3758031214454303, 6.892440498531829]}, {""element"": ""Fe"", ""fractional_coordinates"": [0.75013691, 0.75632707, 0.31070927], ""cartesian_coordinates"": [2.209136764450302, 4.27030258855457, 3.1068822814681702]}, {""element"": ""Fe"", ""fractional_coordinates"": [0.75013691, 0.75632707, 0.68929073], ""cartesian_coordinates"": [2.209136764450302, 4.27030258855457, 6.892440498531829]}, {""element"": ""Fe"", ""fractional_coordinates"": [0.25017484, 0.5, 0.18495391], ""cartesian_coordinates"": [0.7367594224692556, 2.823052855, 1.8494138455130698]}, {""element"": ""Fe"", ""fractional_coordinates"": [0.25017484, 0.5, 0.81504609], ""cartesian_coordinates"": [0.7367594224692556, 2.823052855, 8.14990893448693]}, {""element"": ""Fe"", ""fractional_coordinates"": [0.25017514, 0.0, 0.17963178], ""cartesian_coordinates"": [0.7367603059626827, 0.0, 1.7961961497659482]}, {""element"": ""Fe"", ""fractional_coordinates"": [0.75020322, 0.73991309, -0.0], ""cartesian_coordinates"": [2.2093320459474497, 4.1776275223527435, 0.0]}, {""element"": ""Fe"", ""fractional_coordinates"": [0.24989985, 0.0, 0.5], ""cartesian_coordinates"": [0.7359495829442866, 0.0, 4.99966139]}, {""element"": ""Fe"", ""fractional_coordinates"": [0.75020322, 0.26008691, -0.0], ""cartesian_coordinates"": [2.2093320459474497, 1.4684781876472561, 0.0]}, {""element"": ""Mo"", ""fractional_coordinates"": [0.24998501, 0.5, 0.5], ""cartesian_coordinates"": [0.736200377278431, 2.823052855, 4.99966139]}, {""element"": ""C"", ""fractional_coordinates"": [0.25025398, 0.5, -0.0], ""cartesian_coordinates"": [0.7369924880352983, 2.823052855, 0.0]}, {""element"": ""C"", ""fractional_coordinates"": [0.75004195, 0.77287436, 0.5], ""cartesian_coordinates"": [2.2088571093308755, 4.363730337108596, 4.99966139]}, {""element"": ""C"", ""fractional_coordinates"": [0.75004195, 0.22712564, 0.5], ""cartesian_coordinates"": [2.2088571093308755, 1.2823753728914042, 4.99966139]}, {""element"": ""C"", ""fractional_coordinates"": [0.25026725, 0.0, -0.0], ""cartesian_coordinates"": [0.7370315678945526, 0.0, 0.0]}]}"
mp-2492941,Li2NbS3,12,"[{""@module"": ""pymatgen.core.periodic_table"", ""@class"": ""Element"", ""element"": ""Li""}, {""@module"": ""pymatgen.core.periodic_table"", ""@class"": ""Element"", ""element"": ""Nb""}, {""@module"": ""pymatgen.core.periodic_table"", ""@class"": ""Element"", ""element"": ""S""}]","{""Li"": 4.0, ""Nb"": 2.0, ""S"": 6.0}",3.2905421959678582,204.8670478953049,"{""crystal_system"": ""Triclinic"", ""symbol"": ""P-1"", ""hall"": ""-P 1"", ""number"": 2, ""point_group"": ""-1"", ""symprec"": 0.1, ""angle_tolerance"": 5.0, ""version"": ""2.7.0""}",52.707,32.578,0.18,0.244,"{""lattice_matrix"": [[5.41703686, 3.12612389, 0.07077221], [-5.39115863, 3.07833838, -0.05288838], [0.07823041, 2.135052, 6.11710911]], ""a"": 6.25475400187215, ""b"": 6.208345652131776, ""c"": 6.479474585442693, ""alpha"": 81.6710017970777, ""beta"": 79.29060756675686, ""gamma"": 120.28791558735927, ""volume"": 204.8670478953049, ""atoms"": [{""element"": ""Li"", ""fractional_coordinates"": [0.135805, 0.82126352, 0.49660121], ""cartesian_coordinates"": [-3.6530519063150813, 4.012939675204268, 3.003939708581176]}, {""element"": ""Li"", ""fractional_coordinates"": [0.864195, 0.17873648, 0.50339879], ""cartesian_coordinates"": [3.757160546315081, 4.326574594795733, 3.1310532314188246]}, {""element"": ""Li"", ""fractional_coordinates"": [0.5, 0.5, 0.5], ""cartesian_coordinates"": [0.05205432, 4.169757135, 3.06749647]}, {""element"": ""Li"", ""fractional_coordinates"": [0.0, 0.0, 0.0], ""cartesian_coordinates"": [0.0, 0.0, 0.0]}, {""element"": ""Nb"", ""fractional_coordinates"": [0.64092735, 0.28040616, 0.99814646], ""cartesian_coordinates"": [2.0382983969488087, 4.9978979406217325, 6.136300421044774]}, {""element"": ""Nb"", ""fractional_coordinates"": [0.35907265, 0.71959384, 0.00185354], ""cartesian_coordinates"": [-1.934189756948809, 3.341616329378268, -0.0013074810447732989]}, {""element"": ""S"", ""fractional_coordinates"": [0.72376645, 0.72647281, 0.77110789], ""cartesian_coordinates"": [0.06446346497843135, 6.145268165935218, 4.729751679867285]}, {""element"": ""S"", ""fractional_coordinates"": [0.57516467, 0.91544784, 0.26043708], ""cartesian_coordinates"": [-1.7992622054235201, 5.172140944859225, 1.5854111562275204]}, {""element"": ""S"", ""fractional_coordinates"": [0.92582201, 0.5730255, 0.22894012], ""cartesian_coordinates"": [1.9438506638872728, 5.146999753803749, 1.4356677730171454]}, {""element"": ""S"", ""fractional_coordinates"": [0.42483533, 0.08455216, 0.73956292], ""cartesian_coordinates"": [1.90337084542352, 3.1673733251407747, 4.54958178377248]}, {""element"": ""S"", ""fractional_coordinates"": [0.07417799, 0.4269745, 0.77105988], ""cartesian_coordinates"": [-1.8397420238872726, 3.192514516196251, 4.699325166982855]}, {""element"": ""S"", ""fractional_coordinates"": [0.27623355, 0.27352719, 0.22889211], ""cartesian_coordinates"": [0.039645175021568516, 2.194246104064782, 1.4052412601327156]}]}"
mp-2506699,BaCO3,10,"[{""@module"": ""pymatgen.core.periodic_table"", ""@class"": ""Element"", ""element"": ""Ba""}, {""@module"": ""pymatgen.core.periodic_table"", ""@class"": ""Element"", ""element"": ""C""}, {""@module"": ""pymatgen.core.periodic_table"", ""@class"": ""Element"", ""element"": ""O""}]","{""Ba"": 2.0, ""C"": 2.0, ""O"": 6.0}",4.1350372594110345,158.4914239428948,"{""crystal_system"": ""Monoclinic"", ""symbol"": ""P2_1/m"", ""hall"": ""-P 2yb"", ""number"": 11, ""point_group"": ""2/m"", ""symprec"": 0.1, ""angle_tolerance"": 5.0, ""version"": ""2.7.0""}",49.604,21.994,1.564,0.307,"{""lattice_matrix"": [[5.31525123, 0.0, 0.0], [0.0, 4.5734595, 0.07783898], [0.0, 2.19226946, 6.55715473]], ""a"": 5.31525123, ""b"": 4.5741218506886865, ""c"": 6.91392244231956, ""alpha"": 70.538483393663, ""beta"": 90.0, ""gamma"": 90.0, ""volume"": 158.49142394289484, ""atoms"": [{""element"": ""Ba"", ""fractional_coordinates"": [0.73079784, 0.66870155, 0.22960563], ""cartesian_coordinates"": [3.8843741179413436, 3.561636867005285, 1.5576106893655488]}, {""element"": ""Ba"", ""fractional_coordinates"": [0.23079784, 0.33129845, 0.77039437], ""cartesian_coordinates"": [1.2267485029413432, 3.204092092994715, 5.077383020634451]}, {""element"": ""C"", ""fractional_coordinates"": [0.23131128, 0.2597906, 0.24240675], ""cartesian_coordinates"": [1.2294775655328745, 1.719562702503555, 1.6097204026640155]}, {""element"": ""C"", ""fractional_coordinates"": [0.73131128, 0.7402094, 0.75759325], ""cartesian_coordinates"": [3.8871031805328746, 5.046166257496445, 5.0252733073359845]}, {""element"": ""O"", ""fractional_coordinates"": [0.44182631, 0.18524684, 0.17760216], ""cartesian_coordinates"": [2.3484178376738614, 1.2365707116410136, 1.17898426857604]}, {""element"": ""O"", ""fractional_coordinates"": [0.02051673, 0.1832891, 0.1793264], ""cartesian_coordinates"": [0.10905157436807791, 1.231397065733194, 1.19013798856299]}, {""element"": ""O"", ""fractional_coordinates"": [0.23154885, 0.42750696, 0.36113053], ""cartesian_coordinates"": [1.2307403097675855, 2.746881199520734, 2.4012654686462076]}, {""element"": ""O"", ""fractional_coordinates"": [0.73154885, 0.57249304, 0.63886947], ""cartesian_coordinates"": [3.888365924767586, 4.018847760479266, 4.233728241353792]}, {""element"": ""O"", ""fractional_coordinates"": [0.94182631, 0.81475316, 0.82239784], ""cartesian_coordinates"": [5.006043452673862, 5.5291582483589865, 5.45600944142396]}, {""element"": ""O"", ""fractional_coordinates"": [0.52051673, 0.8167109, 0.8206736], ""cartesian_coordinates"": [2.766677189368078, 5.534331894266806, 5.44485572143701]}]}"
mp-2514049,Tm(CuTe)3,28,"[{""@module"": ""pymatgen.core.periodic_table"", ""@class"": ""Element"", ""element"": ""Cu""}, {""@module"": ""pymatgen.core.periodic_table"", ""@class"": ""Element"", ""element"": ""Te""}, {""@module"": ""pymatgen.core.periodic_table"", ""@class"": ""Element"", ""element"": ""Tm""}]","{""Tm"": 4.0, ""Cu"": 12.0, ""Te"": 12.0}",7.442324761335213,662.5553696822655,"{""crystal_system"": ""Orthorhombic"", ""symbol"": ""Pnnm"", ""hall"": ""-P 2 2n"", ""number"": 58, ""point_group"": ""mmm"", ""symprec"": 0.1, ""angle_tolerance"": 5.0, ""version"": ""2.7.0""}",54.308,29.553,0.147,0.27,"{""lattice_matrix"": [[6.91047278, 0.0, 0.0], [0.0, 7.54794324, 0.0], [0.0, 0.0, 12.70240021]], ""a"": 6.91047278, ""b"": 7.54794324, ""c"": 12.70240021, ""alpha"": 90.0, ""beta"": 90.0, ""gamma"": 90.0, ""volume"": 662.5553696822655, ""atoms"": [{""element"": ""Tm"", ""fractional_coordinates"": [0.24350346, 0.74952335, 0.83773099], ""cartesian_coordinates"": [1.6827240321658188, 5.657359702854655, 10.641194303299507]}, {""element"": ""Tm"", ""fractional_coordinates"": [0.74350346, 0.25047665, 0.66226901], ""cartesian_coordinates"": [5.137960422165819, 1.8905835371453463, 8.412406011700494]}, {""element"": ""Tm"", ""fractional_coordinates"": [0.74350346, 0.25047665, 0.33773099], ""cartesian_coordinates"": [5.137960422165819, 1.8905835371453463, 4.2899941982995085]}, {""element"": ""Tm"", ""fractional_coordinates"": [0.24350346, 0.74952335, 0.16226901], ""cartesian_coordinates"": [1.6827240321658188, 5.657359702854655, 2.061205906700492]}, {""element"": ""Cu"", ""fractional_coordinates"": [0.36329636, 0.11828495, 0.82641686], ""cartesian_coordinates"": [2.510549606853081, 0.8928080887462381, 10.497477696011542]}, {""element"": ""Cu"", ""fractional_coordinates"": [0.62067989, 0.62108708, -0.0], ""cartesian_coordinates"": [4.289191484938394, 4.687930026937339, 0.0]}, {""element"": ""Cu"", ""fractional_coordinates"": [0.12163414, 0.38059656, 0.17372548], ""cartesian_coordinates"": [0.8405494135887093, 2.8727212322192544, 2.2067305736343505]}, {""element"": ""Cu"", ""fractional_coordinates"": [0.12067989, 0.37891292, 0.5], ""cartesian_coordinates"": [0.8339550949383941, 2.8600132130626608, 6.351200105]}, {""element"": ""Cu"", ""fractional_coordinates"": [0.86927552, 0.87853137, -0.0], ""cartesian_coordinates"": [6.007104819280346, 6.6311049153194395, 0.0]}, {""element"": ""Cu"", ""fractional_coordinates"": [0.36927552, 0.12146863, 0.5], ""cartesian_coordinates"": [2.5518684292803457, 0.9168383246805613, 6.351200105]}, {""element"": ""Cu"", ""fractional_coordinates"": [0.62163414, 0.61940344, 0.67372548], ""cartesian_coordinates"": [4.295785803588709, 4.6752220077807465, 8.557930678634351]}, {""element"": ""Cu"", ""fractional_coordinates"": [0.86329636, 0.88171505, 0.67358314], ""cartesian_coordinates"": [5.96578599685308, 6.655135151253762, 8.556122618988459]}, {""element"": ""Cu"", ""fractional_coordinates"": [0.12163414, 0.38059656, 0.82627452], ""cartesian_coordinates"": [0.8405494135887093, 2.8727212322192544, 10.49566963636565]}, {""element"": ""Cu"", ""fractional_coordinates"": [0.36329636, 0.11828495, 0.17358314], ""cartesian_coordinates"": [2.510549606853081, 0.8928080887462381, 2.2049225139884596]}, {""element"": ""Cu"", ""fractional_coordinates"": [0.86329636, 0.88171505, 0.32641686], ""cartesian_coordinates"": [5.96578599685308, 6.655135151253762, 4.146277591011541]}, {""element"": ""Cu"", ""fractional_coordinates"": [0.62163414, 0.61940344, 0.32627452], ""cartesian_coordinates"": [4.295785803588709, 4.6752220077807465, 4.144469531365649]}, {""element"": ""Te"", ""fractional_coordinates"": [0.97886847, 0.06557972, 0.83656226], ""cartesian_coordinates"": [6.764443917135247, 0.49499200425509277, 10.626348627102075]}, {""element"": ""Te"", ""fractional_coordinates"": [0.00743139, 0.56667433, 0.66322683], ""cartesian_coordinates"": [0.0513544183125642, 4.2772256784050295, 8.424572624669635]}, {""element"": ""Te"", ""fractional_coordinates"": [0.97886847, 0.06557972, 0.16343774], ""cartesian_coordinates"": [6.764443917135247, 0.49499200425509277, 2.0760515828979256]}, {""element"": ""Te"", ""fractional_coordinates"": [0.99020496, 0.05364545, 0.5], ""cartesian_coordinates"": [6.842784422700989, 0.404912811684258, 6.351200105]}, {""element"": ""Te"", ""fractional_coordinates"": [0.50743139, 0.43332567, 0.83677317], ""cartesian_coordinates"": [3.5065908083125645, 3.270717561594971, 10.629027690330366]}, {""element"": ""Te"", ""fractional_coordinates"": [0.49717198, 0.44793168, 0.5], ""cartesian_coordinates"": [3.4356934347687047, 3.3809628960378433, 6.351200105]}, {""element"": ""Te"", ""fractional_coordinates"": [0.99717198, 0.55206832, -0.0], ""cartesian_coordinates"": [6.890929824768704, 4.166980343962156, 0.0]}, {""element"": ""Te"", ""fractional_coordinates"": [0.47886847, 0.93442028, 0.66343774], ""cartesian_coordinates"": [3.309207527135247, 7.052951235744907, 8.427251687897925]}, {""element"": ""Te"", ""fractional_coordinates"": [0.49020496, 0.94635455, -0.0], ""cartesian_coordinates"": [3.387548032700989, 7.143030428315742, 0.0]}, {""element"": ""Te"", ""fractional_coordinates"": [0.00743139, 0.56667433, 0.33677317], ""cartesian_coordinates"": [0.0513544183125642, 4.2772256784050295, 4.277827585330366]}, {""element"": ""Te"", ""fractional_coordinates"": [0.50743139, 0.43332567, 0.16322683], ""cartesian_coordinates"": [3.5065908083125645, 3.270717561594971, 2.0733725196696344]}, {""element"": ""Te"", ""fractional_coordinates"": [0.47886847, 0.93442028, 0.33656226], ""cartesian_coordinates"": [3.309207527135247, 7.052951235744907, 4.275148522102075]}]}"
mp-2516584,C,4,"[{""@module"": ""pymatgen.core.periodic_table"", ""@class"": ""Element"", ""element"": ""C""}]","{""C"": 4.0}",2.128419486070265,37.48177786494673,"{""crystal_system"": ""Trigonal"", ""symbol"": ""R-3m"", ""hall"": ""-R 3 2\"""", ""number"": 166, ""point_group"": ""-3m"", ""symprec"": 0.1, ""angle_tolerance"": 5.0, ""version"": ""2.7.0""}",113.32,87.786,-919.097,0.192,"{""lattice_matrix"": [[7.203240214085505, -1.228134331420671, -0.2771869938399785], [7.203240214085505, 1.228134331420671, -0.2771869938399784], [7.075555259312331, 1e-16, 1.8461676495489903]], ""a"": 7.312442556860652, ""b"": 7.312442556860652, ""c"": 7.312442630053492, ""alpha"": 19.337445164125448, ""beta"": 19.337445164125448, ""gamma"": 19.33745079325598, ""volume"": 37.48177786494673, ""atoms"": [{""element"": ""C"", ""fractional_coordinates"": [0.9186004094339992, 0.9186004094339992, 0.9186004094401099], ""cartesian_coordinates"": [19.733406778041218, 7.175984176567072e-17, 1.1866421867084205]}, {""element"": ""C"", ""fractional_coordinates"": [0.2519415342654838, 0.2519415342654838, 0.251941534267246], ""cartesian_coordinates"": [5.412217030262899, 4.387972407717939e-17, 0.3254564771289652]}, {""element"": ""C"", ""fractional_coordinates"": [0.7480584657345162, 0.7480584657345162, 0.748058465732754], ""cartesian_coordinates"": [16.06981865722044, 5.612027592282062e-17, 0.9663371847400682]}, {""element"": ""C"", ""fractional_coordinates"": [0.0813995905660008, 0.0813995905660008, 0.0813995905598901], ""cartesian_coordinates"": [1.7486289094421248, 6.816582304967741e-18, 0.10515147516061282]}]}"
mp-2517816,TePb,8,"[{""@module"": ""pymatgen.core.periodic_table"", ""@class"": ""Element"", ""element"": ""Pb""}, {""@module"": ""pymatgen.core.periodic_table"", ""@class"": ""Element"", ""element"": ""Te""}]","{""Te"": 4.0, ""Pb"": 4.0}",7.7111777948863125,288.38576677253866,"{""crystal_system"": ""Hexagonal"", ""symbol"": ""P6_3/mmc"", ""hall"": ""-P 6c 2c"", ""number"": 194, ""point_group"": ""mmm"", ""symprec"": 0.1, ""angle_tolerance"": 5.0, ""version"": ""2.7.0""}",37.434,19.608,1.005,0.277,"{""lattice_matrix"": [[4.57058289, -0.0, 0.0], [-0.0, 7.91496846, 0.0], [0.0, 0.0, 7.9717385]], ""a"": 4.57058289, ""b"": 7.91496846, ""c"": 7.9717385, ""alpha"": 90.0, ""beta"": 90.0, ""gamma"": 90.0, ""volume"": 288.38576677253866, ""atoms"": [{""element"": ""Te"", ""fractional_coordinates"": [0.75, 0.083383, 0.24890657], ""cartesian_coordinates"": [3.4279371674999997, 0.6599738151001799, 1.984218086971945]}, {""element"": ""Te"", ""fractional_coordinates"": [0.75, 0.416617, 0.74890657], ""cartesian_coordinates"": [3.4279371674999997, 3.29751041489982, 5.970087336971945]}, {""element"": ""Te"", ""fractional_coordinates"": [0.25, 0.583383, 0.25109343], ""cartesian_coordinates"": [1.1426457225, 4.61745804510018, 2.001651163028055]}, {""element"": ""Te"", ""fractional_coordinates"": [0.25, 0.916617, 0.75109343], ""cartesian_coordinates"": [1.1426457225, 7.25499464489982, 5.987520413028054]}, {""element"": ""Pb"", ""fractional_coordinates"": [0.75, 0.74874508, 0.00153193], ""cartesian_coordinates"": [3.4279371674999997, 5.926293692780177, 0.012212145360304998]}, {""element"": ""Pb"", ""fractional_coordinates"": [0.75, 0.75125492, 0.50153193], ""cartesian_coordinates"": [3.4279371674999997, 5.946158997219824, 3.9980813953603045]}, {""element"": ""Pb"", ""fractional_coordinates"": [0.25, 0.24874508, 0.49846807], ""cartesian_coordinates"": [1.1426457225, 1.9688094627801769, 3.973657104639695]}, {""element"": ""Pb"", ""fractional_coordinates"": [0.25, 0.25125492, 0.99846807], ""cartesian_coordinates"": [1.1426457225, 1.988674767219823, 7.959526354639695]}]}"
mp-2525045,Zr2N2O,10,"[{""@module"": ""pymatgen.core.periodic_table"", ""@class"": ""Element"", ""element"": ""N""}, {""@module"": ""pymatgen.core.periodic_table"", ""@class"": ""Element"", ""element"": ""O""}, {""@module"": ""pymatgen.core.periodic_table"", ""@class"": ""Element"", ""element"": ""Zr""}]","{""Zr"": 4.0, ""N"": 4.0, ""O"": 2.0}",5.731664039006462,131.2173928617292,"{""crystal_system"": ""Monoclinic"", ""symbol"": ""P2_1/m"", ""hall"": ""-P 2yb"", ""number"": 11, ""point_group"": ""2/m"", ""symprec"": 0.1, ""angle_tolerance"": 5.0, ""version"": ""2.7.0""}",160.644,79.641,1.071,0.28700000000000003,"{""lattice_matrix"": [[3.49539571, 0.00145746, 0.00890921], [-0.00161099, 4.34683272, -0.00155828], [-0.02150434, -1.63129628, 8.63671591]], ""a"": 3.495407367918492, ""b"": 4.346833297837397, ""c"": 8.78945116033008, ""alpha"": 100.71643025197369, ""beta"": 90.00111413128602, ""gamma"": 89.99739651369042, ""volume"": 131.21739286172922, ""atoms"": [{""element"": ""Zr"", ""fractional_coordinates"": [0.75017222, 0.29104708, 0.10675862], ""cartesian_coordinates"": [2.6193841119513563, 1.0920713767442851, 0.928273780883968]}, {""element"": ""Zr"", ""fractional_coordinates"": [0.74992847, 0.1193227, 0.67198738], ""cartesian_coordinates"": [2.606653884073161, -0.5764417058543162, 5.810259428212468]}, {""element"": ""Zr"", ""fractional_coordinates"": [0.25007153, 0.8806773, 0.32801262], ""cartesian_coordinates"": [0.8656264959268384, 3.293435605854316, 2.833807411787531]}, {""element"": ""Zr"", ""fractional_coordinates"": [0.24982778, 0.70895292, 0.89324138], ""cartesian_coordinates"": [0.8528962680486438, 1.6249225232557152, 7.715793059116032]}, {""element"": ""N"", ""fractional_coordinates"": [0.25012396, 0.33151173, 0.24909842], ""cartesian_coordinates"": [0.868391457553156, 1.0350372547946698, 2.1531041059569094]}, {""element"": ""N"", ""fractional_coordinates"": [0.24982435, 0.21454544, 0.90250836], ""cartesian_coordinates"": [0.8534814840588706, -0.5393012828209529, 7.796599727449028]}, {""element"": ""N"", ""fractional_coordinates"": [0.75017565, 0.78545456, 0.09749164], ""cartesian_coordinates"": [2.6187988959411292, 3.256295182820953, 0.8474671125509721]}, {""element"": ""N"", ""fractional_coordinates"": [0.74987604, 0.66848827, 0.75090158], ""cartesian_coordinates"": [2.603888922446844, 1.6819566452053307, 6.49096273404309]}, {""element"": ""O"", ""fractional_coordinates"": [0.75006422, 0.81460006, 0.43689064], ""cartesian_coordinates"": [2.6110638993964588, 2.8293253073212252, 3.7787134460860514]}, {""element"": ""O"", ""fractional_coordinates"": [0.24993578, 0.18539994, 0.56310936], ""cartesian_coordinates"": [0.8612164806035407, -0.11233140732122504, 4.865353393913948]}]}"
mp-2530518,TePd3,4,"[{""@module"": ""pymatgen.core.periodic_table"", ""@class"": ""Element"", ""element"": ""Pd""}, {""@module"": ""pymatgen.core.periodic_table"", ""@class"": ""Element"", ""element"": ""Te""}]","{""Te"": 1.0, ""Pd"": 3.0}",10.743881993879846,69.06521206769403,"{""crystal_system"": ""Cubic"", ""symbol"": ""Fm-3m"", ""hall"": ""-F 4 2 3"", ""number"": 225, ""point_group"": ""m-3m"", ""symprec"": 0.1, ""angle_tolerance"": 5.0, ""version"": ""2.7.0""}",134.524,18.854,24.979,0.433,"{""lattice_matrix"": [[-2.29868091, 2.29868091, 3.26769851], [2.29868091, -2.29868091, 3.26769851], [2.29868091, 2.29868091, -3.26769851]], ""a"": 4.609308126416922, ""b"": 4.609308126416922, ""c"": 4.609308126416922, ""alpha"": 120.17139675434505, ""beta"": 120.17139675434505, ""gamma"": 89.70338759228703, ""volume"": 69.06521206769403, ""atoms"": [{""element"": ""Te"", ""fractional_coordinates"": [0.0, -0.0, 0.0], ""cartesian_coordinates"": [0.0, 0.0, 0.0]}, {""element"": ""Pd"", ""fractional_coordinates"": [0.75, 0.25, 0.5], ""cartesian_coordinates"": [0.0, 2.29868091, 1.633849255]}, {""element"": ""Pd"", ""fractional_coordinates"": [0.25, 0.75, 0.5], ""cartesian_coordinates"": [2.29868091, 0.0, 1.633849255]}, {""element"": ""Pd"", ""fractional_coordinates"": [0.5, 0.5, 0.0], ""cartesian_coordinates"": [0.0, 0.0, 3.26769851]}]}"
mp-2619433,BaCuO2,16,"[{""@module"": ""pymatgen.core.periodic_table"", ""@class"": ""Element"", ""element"": ""Ba""}, {""@module"": ""pymatgen.core.periodic_table"", ""@class"": ""Element"", ""element"": ""Cu""}, {""@module"": ""pymatgen.core.periodic_table"", ""@class"": ""Element"", ""element"": ""O""}]","{""Ba"": 4.0, ""Cu"": 4.0, ""O"": 8.0}",5.865887173846554,263.68916447886653,"{""crystal_system"": ""Orthorhombic"", ""symbol"": ""Pmma"", ""hall"": ""-P 2a 2a"", ""number"": 51, ""point_group"": ""mmm"", ""symprec"": 0.1, ""angle_tolerance"": 5.0, ""version"": ""2.7.0""}",79.134,26.205,2.003,0.35100000000000003,"{""lattice_matrix"": [[5.95675312, 4.873e-05, 0.03300834], [9.763e-05, 11.89904908, -4.657e-05], [-0.02058971, -1.471e-05, 3.72012136]], ""a"": 5.956844574564112, ""b"": 11.899049080491652, ""c"": 3.7201783384002596, ""alpha"": 90.00045339412677, ""beta"": 89.9996193884519, ""gamma"": 89.99906243765898, ""volume"": 263.68916447886653, ""atoms"": [{""element"": ""Ba"", ""fractional_coordinates"": [0.99977866, 0.88885325, 0.50064344], ""cartesian_coordinates"": [5.945213327764215, 10.57654980141661, 1.8954139949260504]}, {""element"": ""Ba"", ""fractional_coordinates"": [0.50023878, 0.61164043, 0.49933841], ""cartesian_coordinates"": [2.9695773949114135, 7.277956527250042, 1.8740830525460377]}, {""element"": ""Ba"", ""fractional_coordinates"": [0.49976004, 0.11164962, 0.50066369], ""cartesian_coordinates"": [2.9666495576890957, 1.3285412966872188, 1.8790207371413485]}, {""element"": ""Ba"", ""fractional_coordinates"": [0.00022209, 0.38885985, 0.49935529], ""cartesian_coordinates"": [-0.0089206809204896, 4.6270551056975675, 1.8576515021770104]}, {""element"": ""Cu"", ""fractional_coordinates"": [0.99970574, 0.11789563, 0.00069908], ""cartesian_coordinates"": [5.9549974021228, 1.4028945930647638, 0.0355937990067313]}, {""element"": ""Cu"", ""fractional_coordinates"": [0.50027261, 0.38260089, 0.99938443], ""cartesian_coordinates"": [2.9594607482007187, 4.552596445501001, 3.7343267155745448]}, {""element"": ""Cu"", ""fractional_coordinates"": [0.49972797, 0.88260347, 0.00061257], ""cartesian_coordinates"": [2.976829700386888, 10.50216635044138, 0.018732922639167097]}, {""element"": ""Cu"", ""fractional_coordinates"": [0.00029488, 0.61789869, 0.99929823], ""cartesian_coordinates"": [-0.018758407950083, 7.352392153470243, 3.7174916483904985]}, {""element"": ""O"", ""fractional_coordinates"": [0.00024106, 0.66233253, 0.49931223], ""cartesian_coordinates"": [-0.008780095583142201, 7.881119948614522, 1.8574792042967512]}, {""element"": ""O"", ""fractional_coordinates"": [0.99975838, 0.16232676, 0.50069196], ""cartesian_coordinates"": [5.9450205950169925, 1.9315754372845064, 1.8956276601439417]}, {""element"": ""O"", ""fractional_coordinates"": [0.25029033, 0.50024567, 0.99927815], ""cartesian_coordinates"": [1.4703916958002554, 5.952445276653677, 3.725674362266784]}, {""element"": ""O"", ""fractional_coordinates"": [0.24970588, 0.00025378, 0.00072157], ""cartesian_coordinates"": [1.4874214476318424, 0.0030318982287600997, 0.0109266927382398]}, {""element"": ""O"", ""fractional_coordinates"": [0.49977489, 0.83817249, 0.50065045], ""cartesian_coordinates"": [2.966809218508486, 9.97347258547808, 1.878938138738335]}, {""element"": ""O"", ""fractional_coordinates"": [0.50022532, 0.3381695, 0.49935007], ""cartesian_coordinates"": [2.9694702779715034, 4.023912508399374, 1.8741387204100488]}, {""element"": ""O"", ""fractional_coordinates"": [0.75028802, 0.50025038, 0.99927848], ""cartesian_coordinates"": [4.448754489365782, 5.952525686057424, 3.7421796834382226]}, {""element"": ""O"", ""fractional_coordinates"": [0.74971536, 0.00024907, 0.00072194], ""cartesian_coordinates"": [4.46585446957339, 0.003000219164111, 0.0274325523215509]}]}"
mp-2619703,ZrCuF6,8,"[{""@module"": ""pymatgen.core.periodic_table"", ""@class"": ""Element"", ""element"": ""Cu""}, {""@module"": ""pymatgen.core.periodic_table"", ""@class"": ""Element"", ""element"": ""F""}, {""@module"": ""pymatgen.core.periodic_table"", ""@class"": ""Element"", ""element"": ""Zr""}]","{""Zr"": 1.0, ""Cu"": 1.0, ""F"": 6.0}",3.3348946768766656,133.82346955523414,"{""crystal_system"": ""Monoclinic"", ""symbol"": ""C2/m"", ""hall"": ""-C 2y"", ""number"": 12, ""point_group"": ""2/m"", ""symprec"": 0.1, ""angle_tolerance"": 5.0, ""version"": ""2.7.0""}",37.708,24.755,4.002,0.231,"{""lattice_matrix"": [[5.80483755, 0.18725104, -0.09379048], [0.13050236, 5.82586756, -0.03622056], [-2.94710474, -3.0227183, 4.02477502]], ""a"": 5.808614171040259, ""b"": 5.827441601731642, ""c"": 5.832758029551831, ""alpha"": 122.2554863400361, ""beta"": 122.19396540876627, ""gamma"": 86.86387793492767, ""volume"": 133.82346955523414, ""atoms"": [{""element"": ""Zr"", ""fractional_coordinates"": [0.5, 0.5, -0.0], ""cartesian_coordinates"": [2.9676699550000003, 3.0065592999999997, -0.06500552]}, {""element"": ""Cu"", ""fractional_coordinates"": [-0.0, -0.0, -0.0], ""cartesian_coordinates"": [0.0, 0.0, 0.0]}, {""element"": ""F"", ""fractional_coordinates"": [0.75929931, 0.24568963, 0.00811156], ""cartesian_coordinates"": [4.415766605994824, 1.549015869860637, -0.047466858672130394]}, {""element"": ""F"", ""fractional_coordinates"": [0.28200007, 0.27383192, 0.4864123], ""cartesian_coordinates"": [0.23919231231765772, 0.17782594545299776, 1.9213328070471372]}, {""element"": ""F"", ""fractional_coordinates"": [0.24070069, 0.75431037, 0.99188844], ""cartesian_coordinates"": [-1.4275314359948228, 1.4413844301393623, 3.9422308386721303]}, {""element"": ""F"", ""fractional_coordinates"": [0.71799993, 0.72616808, 0.5135877], ""cartesian_coordinates"": [2.7490428576823422, 2.8125743545470017, 1.9734311729528626]}, {""element"": ""F"", ""fractional_coordinates"": [0.77510516, 0.77136663, 0.07541831], ""cartesian_coordinates"": [4.3777590447232155, 4.411050768110816, 0.2029049138278266]}, {""element"": ""F"", ""fractional_coordinates"": [0.22489484, 0.22863337, 0.92458169], ""cartesian_coordinates"": [-1.389523874723215, -1.4206504681108165, 3.6918590661721735]}]}"
mp-2626703,BaCO3,10,"[{""@module"": ""pymatgen.core.periodic_table"", ""@class"": ""Element"", ""element"": ""Ba""}, {""@module"": ""pymatgen.core.periodic_table"", ""@class"": ""Element"", ""element"": ""C""}, {""@module"": ""pymatgen.core.periodic_table"", ""@class"": ""Element"", ""element"": ""O""}]","{""Ba"": 2.0, ""C"": 2.0, ""O"": 6.0}",3.925376481576098,166.95671010843782,"{""crystal_system"": ""Orthorhombic"", ""symbol"": ""Imm2"", ""hall"": ""I 2 -2"", ""number"": 44, ""point_group"": ""mm2"", ""symprec"": 0.1, ""angle_tolerance"": 5.0, ""version"": ""2.7.0""}",50.172,19.045,1.063,0.332,"{""lattice_matrix"": [[4.18679167, 0.0, 0.0], [0.0, 5.46618774, 0.0], [0.0, 0.0, 7.29521311]], ""a"": 4.18679167, ""b"": 5.46618774, ""c"": 7.29521311, ""alpha"": 90.0, ""beta"": 90.0, ""gamma"": 90.0, ""volume"": 166.95671010843782, ""atoms"": [{""element"": ""Ba"", ""fractional_coordinates"": [0.5, 0.04984202, 0.5], ""cartesian_coordinates"": [2.093395835, 0.27244583866083477, 3.647606555]}, {""element"": ""Ba"", ""fractional_coordinates"": [0.0, 0.54984202, -0.0], ""cartesian_coordinates"": [0.0, 3.0055397086608346, 0.0]}, {""element"": ""C"", ""fractional_coordinates"": [0.5, 0.98922524, -0.0], ""cartesian_coordinates"": [2.093395835, 5.407290878986557, 0.0]}, {""element"": ""C"", ""fractional_coordinates"": [0.0, 0.48922524, 0.5], ""cartesian_coordinates"": [0.0, 2.6741970089865577, 3.647606555]}, {""element"": ""O"", ""fractional_coordinates"": [0.5, 0.22551487, -0.0], ""cartesian_coordinates"": [2.093395835, 1.2327066175816936, 0.0]}, {""element"": ""O"", ""fractional_coordinates"": [0.0023106, 0.36332443, 0.34750287], ""cartesian_coordinates"": [0.009674000832702, 1.985999544908488, 2.5351074929866257]}, {""element"": ""O"", ""fractional_coordinates"": [0.0, 0.72551487, 0.5], ""cartesian_coordinates"": [0.0, 3.965800487581694, 3.647606555]}, {""element"": ""O"", ""fractional_coordinates"": [0.4976894, 0.86332443, 0.84750287], ""cartesian_coordinates"": [2.083721834167298, 4.719093414908488, 6.182714047986626]}, {""element"": ""O"", ""fractional_coordinates"": [0.9976894, 0.36332443, 0.65249713], ""cartesian_coordinates"": [4.1771176691672975, 1.985999544908488, 4.760105617013374]}, {""element"": ""O"", ""fractional_coordinates"": [0.5023106, 0.86332443, 0.15249713], ""cartesian_coordinates"": [2.1030698358327022, 4.719093414908488, 1.1124990620133743]}]}"
mp-2629196,Hg,3,"[{""@module"": ""pymatgen.core.periodic_table"", ""@class"": ""Element"", ""element"": ""Hg""}]","{""Hg"": 3.0}",10.503251359639844,95.13840631709425,"{""crystal_system"": ""Trigonal"", ""symbol"": ""R-3m"", ""hall"": ""-R 3 2\"""", ""number"": 166, ""point_group"": ""-3m"", ""symprec"": 0.1, ""angle_tolerance"": 5.0, ""version"": ""2.7.0""}",7.622,3.832,0.057,0.28500000000000003,"{""lattice_matrix"": [[1.80458658, 3.12058434, -0.08476824], [-1.80458658, 3.12058434, -0.08476824], [0.0, 2.31598816, 8.38427732]], ""a"": 3.605796028934808, ""b"": 3.605796028934808, ""c"": 8.698270364614253, ""alpha"": 78.00833975745115, ""beta"": 78.00833975745115, ""gamma"": 60.06197358072465, ""volume"": 95.13840631709424, ""atoms"": [{""element"": ""Hg"", ""fractional_coordinates"": [0.22247248, 0.22247248, 0.33628873], ""cartesian_coordinates"": [-1.3885273273855603e-17, 2.1673289913593634, 2.7818207707545333]}, {""element"": ""Hg"", ""fractional_coordinates"": [0.77752752, 0.77752752, 0.66371127], ""cartesian_coordinates"": [-9.17132172335414e-17, 6.389827848640637, 5.432920069245467]}, {""element"": ""Hg"", ""fractional_coordinates"": [0.0, 0.0, 0.0], ""cartesian_coordinates"": [0.0, 0.0, 0.0]}]}"
mp-2630414,TaO3,16,"[{""@module"": ""pymatgen.core.periodic_table"", ""@class"": ""Element"", ""element"": ""O""}, {""@module"": ""pymatgen.core.periodic_table"", ""@class"": ""Element"", ""element"": ""Ta""}]","{""Ta"": 4.0, ""O"": 12.0}",6.120451427451534,248.4613529066973,"{""crystal_system"": ""Cubic"", ""symbol"": ""Pm-3m"", ""hall"": ""-P 4 2 3"", ""number"": 221, ""point_group"": ""m-3m"", ""symprec"": 0.1, ""angle_tolerance"": 5.0, ""version"": ""2.7.0""}",187.237,73.013,5.259,0.327,"{""lattice_matrix"": [[-3.96034437, 3.96034437, 3.96034437], [3.96034437, -3.96034437, 3.96034437], [3.96034437, 3.96034437, -3.96034437]], ""a"": 6.859517664309356, ""b"": 6.859517664309356, ""c"": 6.859517664309356, ""alpha"": 109.47122063449069, ""beta"": 109.47122063449069, ""gamma"": 109.47122063449069, ""volume"": 248.4613529066973, ""atoms"": [{""element"": ""Ta"", ""fractional_coordinates"": [0.5, -0.0, -0.0], ""cartesian_coordinates"": [-1.980172185, 1.980172185, 1.980172185]}, {""element"": ""Ta"", ""fractional_coordinates"": [-0.0, 0.5, -0.0], ""cartesian_coordinates"": [1.980172185, -1.980172185, 1.980172185]}, {""element"": ""Ta"", ""fractional_coordinates"": [0.5, 0.5, 0.5], ""cartesian_coordinates"": [1.980172185, 1.980172185, 1.980172185]}, {""element"": ""Ta"", ""fractional_coordinates"": [-0.0, -0.0, 0.5], ""cartesian_coordinates"": [1.980172185, 1.980172185, -1.980172185]}, {""element"": ""O"", ""fractional_coordinates"": [0.99949548, 0.74975867, 0.24973681], ""cartesian_coordinates"": [-2.3025254014714916e-16, 1.9780875389305197, 5.938605055186375]}, {""element"": ""O"", ""fractional_coordinates"": [0.25024133, 0.75026319, 0.00050452], ""cartesian_coordinates"": [1.9822568310694806, -1.978260685186376, 3.96034437]}, {""element"": ""O"", ""fractional_coordinates"": [0.49997814, 0.25024133, 0.24973681], ""cartesian_coordinates"": [-2.3025254014714916e-16, 1.9780875389305197, 1.9820836848136243]}, {""element"": ""O"", ""fractional_coordinates"": [0.75026319, 0.00050452, 0.25024133], ""cartesian_coordinates"": [-1.978260685186376, 3.96034437, 1.9822568310694806]}, {""element"": ""O"", ""fractional_coordinates"": [0.74975867, 0.75026319, 0.50002186], ""cartesian_coordinates"": [1.9822568310694808, 1.9782606851863758, 3.9603443699999996]}, {""element"": ""O"", ""fractional_coordinates"": [0.24973681, 0.49997814, 0.25024133], ""cartesian_coordinates"": [1.9820836848136243, -9.42471874889165e-17, 1.9780875389305195]}, {""element"": ""O"", ""fractional_coordinates"": [0.75026319, 0.50002186, 0.74975867], ""cartesian_coordinates"": [1.9782606851863758, 3.9603443699999996, 1.9822568310694813]}, {""element"": ""O"", ""fractional_coordinates"": [0.25024133, 0.24973681, 0.49997814], ""cartesian_coordinates"": [1.9780875389305195, 1.9820836848136243, -1.1848881737694654e-16]}, {""element"": ""O"", ""fractional_coordinates"": [0.24973681, 0.99949548, 0.74975867], ""cartesian_coordinates"": [5.938605055186375, 9.64485171630173e-17, 1.9780875389305193]}, {""element"": ""O"", ""fractional_coordinates"": [0.50002186, 0.74975867, 0.75026319], ""cartesian_coordinates"": [3.9603443699999996, 1.9822568310694808, 1.978260685186376]}, {""element"": ""O"", ""fractional_coordinates"": [0.74975867, 0.24973681, 0.99949548], ""cartesian_coordinates"": [1.9780875389305195, 5.938605055186375, -3.0918452202888034e-16]}, {""element"": ""O"", ""fractional_coordinates"": [0.00050452, 0.25024133, 0.75026319], ""cartesian_coordinates"": [3.96034437, 1.9822568310694806, -1.9782606851863758]}]}"
mp-2637304,Al2O3,10,"[{""@module"": ""pymatgen.core.periodic_table"", ""@class"": ""Element"", ""element"": ""Al""}, {""@module"": ""pymatgen.core.periodic_table"", ""@class"": ""Element"", ""element"": ""O""}]","{""Al"": 4.0, ""O"": 6.0}",2.6197029090986796,129.25945435990988,"{""crystal_system"": ""Monoclinic"", ""symbol"": ""P2/m"", ""hall"": ""-P 2y"", ""number"": 10, ""point_group"": ""2/m"", ""symprec"": 0.1, ""angle_tolerance"": 5.0, ""version"": ""2.7.0""}",89.312,49.715,2.7640000000000002,0.265,"{""lattice_matrix"": [[2.85236322, -0.03536597, -0.10976714], [0.0676615, 4.95727817, 0.03718356], [0.39712218, 1.36516126, 9.13559669]], ""a"": 2.854693594007348, ""b"": 4.957879340048028, ""c"": 9.24556640633724, ""alpha"": 81.04638891042693, ""beta"": 89.82271054764969, ""gamma"": 89.94496530648938, ""volume"": 129.25945435990985, ""atoms"": [{""element"": ""Al"", ""fractional_coordinates"": [0.50277279, 0.91493895, 0.63950513], ""cartesian_coordinates"": [1.749958427324992, 5.390853465357029, 5.8210937049815605]}, {""element"": ""Al"", ""fractional_coordinates"": [0.99821423, 0.62731891, 0.18587641], ""cartesian_coordinates"": [2.9635305389113595, 3.328242797739318, 1.6118467451398002]}, {""element"": ""Al"", ""fractional_coordinates"": [0.49722721, 0.08506105, 0.36049487], ""cartesian_coordinates"": [1.5671884726750078, 0.8962199946429711, 3.241919405018439]}, {""element"": ""Al"", ""fractional_coordinates"": [0.00178577, 0.37268109, 0.81412359], ""cartesian_coordinates"": [0.3536163610886406, 2.958830662260682, 7.4511663648602]}, {""element"": ""O"", ""fractional_coordinates"": [0.49951184, 0.60613229, 0.04918843], ""cartesian_coordinates"": [1.485334836862737, 3.0542507876772467, 0.4170738285945115]}, {""element"": ""O"", ""fractional_coordinates"": [0.49721582, 0.80274234, 0.25706047], ""cartesian_coordinates"": [1.574639282446275, 4.3127615535644654, 2.3236716383016196]}, {""element"": ""O"", ""fractional_coordinates"": [0.00234, 0.71101267, 0.70972828], ""cartesian_coordinates"": [0.3366315554672554, 4.493498384197047, 6.509972452735498]}, {""element"": ""O"", ""fractional_coordinates"": [0.50278418, 0.19725766, 0.74293953], ""cartesian_coordinates"": [1.742507617553725, 1.9743119064355357, 6.73934147169838]}, {""element"": ""O"", ""fractional_coordinates"": [0.99766, 0.28898733, 0.29027172], ""cartesian_coordinates"": [2.9805153445327446, 1.7935750758029534, 2.5530406572645017]}, {""element"": ""O"", ""fractional_coordinates"": [0.50048816, 0.39386771, 0.95081157], ""cartesian_coordinates"": [1.8318120631372627, 3.232822672322754, 8.64593928140549]}]}"
mp-2649045,CsInBr3,5,"[{""@module"": ""pymatgen.core.periodic_table"", ""@class"": ""Element"", ""element"": ""Br""}, {""@module"": ""pymatgen.core.periodic_table"", ""@class"": ""Element"", ""element"": ""Cs""}, {""@module"": ""pymatgen.core.periodic_table"", ""@class"": ""Element"", ""element"": ""In""}]","{""Cs"": 1.0, ""In"": 1.0, ""Br"": 3.0}",4.391039662093801,184.33120029498258,"{""crystal_system"": ""Cubic"", ""symbol"": ""Pm-3m"", ""hall"": ""-P 4 2 3"", ""number"": 221, ""point_group"": ""m-3m"", ""symprec"": 0.1, ""angle_tolerance"": 5.0, ""version"": ""2.7.0""}",21.762,8.403,0.202,0.329,"{""lattice_matrix"": [[5.69175635, 0.0, 0.0], [0.0, 5.69175635, 0.0], [0.0, 0.0, 5.68992117]], ""a"": 5.69175635, ""b"": 5.69175635, ""c"": 5.68992117, ""alpha"": 90.0, ""beta"": 90.0, ""gamma"": 90.0, ""volume"": 184.33120029498258, ""atoms"": [{""element"": ""Cs"", ""fractional_coordinates"": [0.5, 0.5, 0.00638179], ""cartesian_coordinates"": [2.845878175, 2.845878175, 0.0363118820234943]}, {""element"": ""In"", ""fractional_coordinates"": [0.0, -0.0, 0.51425512], ""cartesian_coordinates"": [0.0, 0.0, 2.92607109406889]}, {""element"": ""Br"", ""fractional_coordinates"": [0.0, 0.5, 0.51350702], ""cartesian_coordinates"": [0.0, 2.845878175, 2.9218144640416135]}, {""element"": ""Br"", ""fractional_coordinates"": [0.0, -0.0, 0.01404005], ""cartesian_coordinates"": [0.0, 0.0, 0.0798867777228585]}, {""element"": ""Br"", ""fractional_coordinates"": [0.5, -0.0, 0.51350702], ""cartesian_coordinates"": [2.845878175, 0.0, 2.9218144640416135]}]}"
mp-2650313,Fe2NiSe4,7,"[{""@module"": ""pymatgen.core.periodic_table"", ""@class"": ""Element"", ""element"": ""Fe""}, {""@module"": ""pymatgen.core.periodic_table"", ""@class"": ""Element"", ""element"": ""Ni""}, {""@module"": ""pymatgen.core.periodic_table"", ""@class"": ""Element"", ""element"": ""Se""}]","{""Fe"": 2.0, ""Ni"": 1.0, ""Se"": 4.0}",6.81606681634293,118.45437752858068,"{""crystal_system"": ""Monoclinic"", ""symbol"": ""C2/m"", ""hall"": ""-C 2y"", ""number"": 12, ""point_group"": ""2/m"", ""symprec"": 0.1, ""angle_tolerance"": 5.0, ""version"": ""2.7.0""}",76.885,32.205,0.733,0.316,"{""lattice_matrix"": [[3.49142046, 0.01869778, -0.0285816], [-0.03370704, 6.1408065, -0.01731473], [-1.68216802, -2.9495054, 5.54692009]], ""a"": 3.491587510480312, ""b"": 6.14092341874272, ""c"": 6.503660033933623, ""alpha"": 117.03219799626291, ""beta"": 105.54810411528119, ""gamma"": 90.00633605718372, ""volume"": 118.45437752858068, ""atoms"": [{""element"": ""Fe"", ""fractional_coordinates"": [0.75377567, 0.01429423, 0.43648019], ""cartesian_coordinates"": [1.897032963324305, -1.1855286452545184, 2.3993291193753374]}, {""element"": ""Fe"", ""fractional_coordinates"": [0.24624597, 0.41428369, 0.42063021], ""cartesian_coordinates"": [0.13821325343248436, 1.3079891535707977, 2.3189908482580135]}, {""element"": ""Ni"", ""fractional_coordinates"": [0.4999585, 0.71426691, 0.92859037], ""cartesian_coordinates"": [0.15944448865089633, 1.6566406870020465, 5.1241596261753495]}, {""element"": ""Se"", ""fractional_coordinates"": [0.38890278, 0.26341481, 0.70688849], ""cartesian_coordinates"": [0.1598389779215267, -0.4601204223867525, 3.905377546560765]}, {""element"": ""Se"", ""fractional_coordinates"": [0.61112039, 0.16516632, 0.15022871], ""cartesian_coordinates"": [1.8754010337664324, 0.5825806146627803, 0.8129800408190663]}, {""element"": ""Se"", ""fractional_coordinates"": [0.13936884, 0.69356736, 0.20740335], ""cartesian_coordinates"": [0.11432983410538501, 3.649931539581925, 1.1344574928357447]}, {""element"": ""Se"", ""fractional_coordinates"": [0.86062785, 0.73500769, 0.64977869], ""cartesian_coordinates"": [1.8870018179331796, 2.613106075543232, 3.5669458889570484]}]}"
mp-2654140,CaSn2O5,16,"[{""@module"": ""pymatgen.core.periodic_table"", ""@class"": ""Element"", ""element"": ""Ca""}, {""@module"": ""pymatgen.core.periodic_table"", ""@class"": ""Element"", ""element"": ""O""}, {""@module"": ""pymatgen.core.periodic_table"", ""@class"": ""Element"", ""element"": ""Sn""}]","{""Ca"": 2.0, ""Sn"": 4.0, ""O"": 10.0}",5.003367880336622,237.29393026507418,"{""crystal_system"": ""Orthorhombic"", ""symbol"": ""Cmcm"", ""hall"": ""-C 2c 2"", ""number"": 63, ""point_group"": ""mmm"", ""symprec"": 0.1, ""angle_tolerance"": 5.0, ""version"": ""2.7.0""}",122.592,44.726,0.792,0.337,"{""lattice_matrix"": [[4.00113745, 0.00014867, 0.0], [-2.00093353, 5.45908003, 0.0], [0.0, 0.0, 10.86370047]], ""a"": 4.001137452762061, ""b"": 5.814231657357923, ""c"": 10.86370047, ""alpha"": 90.0, ""beta"": 90.0, ""gamma"": 110.12742837098506, ""volume"": 237.29393026507418, ""atoms"": [{""element"": ""Ca"", ""fractional_coordinates"": [0.80728127, 0.61465875, 0.75], ""cartesian_coordinates"": [2.000152019697674, 3.3555913258961736, 8.1477753525]}, {""element"": ""Ca"", ""fractional_coordinates"": [0.19271973, 0.38534225, 0.25], ""cartesian_coordinates"": [5.390050624589462e-05, 2.1036428333325268, 2.7159251175]}, {""element"": ""Sn"", ""fractional_coordinates"": [0.13172057, 0.26350694, 0.56287914], ""cartesian_coordinates"": [-0.00022776607135181802, 1.4385250568175503, 6.114950377771195]}, {""element"": ""Sn"", ""fractional_coordinates"": [0.86828043, 0.73649406, 0.43711986], ""cartesian_coordinates"": [2.000433686275272, 4.02070910241115, 4.7487392285283345]}, {""element"": ""Sn"", ""fractional_coordinates"": [0.86828043, 0.73649406, 0.06288014], ""cartesian_coordinates"": [2.000433686275272, 4.02070910241115, 0.6831110064716658]}, {""element"": ""Sn"", ""fractional_coordinates"": [0.13172057, 0.26350694, 0.93712086], ""cartesian_coordinates"": [-0.00022776607135181802, 1.4385250568175503, 10.180600327228804]}, {""element"": ""O"", ""fractional_coordinates"": [0.80150885, 0.60291574, 0.25], ""cartesian_coordinates"": [2.0005527563106704, 3.291484436327402, 2.7159251175]}, {""element"": ""O"", ""fractional_coordinates"": [0.19849215, 0.39708526, 0.75], ""cartesian_coordinates"": [-0.0003468361067503446, 2.167749722901298, 8.1477753525]}, {""element"": ""O"", ""fractional_coordinates"": [0.30565695, 0.61127719, 0.05318249], ""cartesian_coordinates"": [-0.00014955609740339545, 3.3370565427422725, 0.5777586416087702]}, {""element"": ""O"", ""fractional_coordinates"": [0.69434505, 0.38872381, 0.94681751], ""cartesian_coordinates"": [2.000359477438773, 2.122177616635098, 10.285941828391229]}, {""element"": ""O"", ""fractional_coordinates"": [0.69434505, 0.38872381, 0.55318249], ""cartesian_coordinates"": [2.000359477438773, 2.122177616635098, 6.00960887660877]}, {""element"": ""O"", ""fractional_coordinates"": [0.30565695, 0.61127719, 0.44681651], ""cartesian_coordinates"": [-0.00014955609740339545, 3.3370565427422725, 4.854080729690759]}, {""element"": ""O"", ""fractional_coordinates"": [0.95263356, 0.90502915, 0.60922149], ""cartesian_coordinates"": [2.0007146411804224, 4.940768187364239, 6.6183997872471005]}, {""element"": ""O"", ""fractional_coordinates"": [0.04736644, 0.09496985, 0.39077851], ""cartesian_coordinates"": [-0.0005087202468925116, 0.5184550535557303, 4.2453006827529]}, {""element"": ""O"", ""fractional_coordinates"": [0.95263356, 0.90502915, 0.89077851], ""cartesian_coordinates"": [2.0007146411804224, 4.940768187364239, 9.677150917752899]}, {""element"": ""O"", ""fractional_coordinates"": [0.04736644, 0.09496985, 0.10922249], ""cartesian_coordinates"": [-0.0005087202468925116, 0.5184550535557303, 1.1865604159475702]}]}"
mp-2659898,LiBH4,12,"[{""@module"": ""pymatgen.core.periodic_table"", ""@class"": ""Element"", ""element"": ""B""}, {""@module"": ""pymatgen.core.periodic_table"", ""@class"": ""Element"", ""element"": ""H""}, {""@module"": ""pymatgen.core.periodic_table"", ""@class"": ""Element"", ""element"": ""Li""}]","{""Li"": 2.0, ""B"": 2.0, ""H"": 8.0}",0.6373774171293607,113.5050711739766,"{""crystal_system"": ""Hexagonal"", ""symbol"": ""P6_3mc"", ""hall"": ""P 6c -2c"", ""number"": 186, ""point_group"": ""6mm"", ""symprec"": 0.1, ""angle_tolerance"": 5.0, ""version"": ""2.7.0""}",17.533,10.774000000000001,2.07,0.245,"{""lattice_matrix"": [[2.10139147, -3.63971614, 0.0], [2.10139147, 3.63971614, 0.0], [0.0, -0.0, 7.42011763]], ""a"": 4.202782374804251, ""b"": 4.202782374804251, ""c"": 7.42011763, ""alpha"": 90.0, ""beta"": 90.0, ""gamma"": 119.99999110278685, ""volume"": 113.5050711739766, ""atoms"": [{""element"": ""Li"", ""fractional_coordinates"": [0.666667, 0.333333, 0.61395377], ""cartesian_coordinates"": [2.10139147, -1.21324113981076, 4.555609192781965]}, {""element"": ""Li"", ""fractional_coordinates"": [0.333333, 0.666667, 0.11395377], ""cartesian_coordinates"": [2.10139147, 1.2132411398107599, 0.8455503777819651]}, {""element"": ""B"", ""fractional_coordinates"": [0.666667, 0.333333, 0.03559728], ""cartesian_coordinates"": [2.10139147, -1.21324113981076, 0.2641360049080464]}, {""element"": ""B"", ""fractional_coordinates"": [0.333333, 0.666667, 0.53559728], ""cartesian_coordinates"": [2.10139147, 1.2132411398107599, 3.974194819908046]}, {""element"": ""H"", ""fractional_coordinates"": [0.666667, 0.333333, 0.8712784], ""cartesian_coordinates"": [2.10139147, -1.21324113981076, 6.464988216478192]}, {""element"": ""H"", ""fractional_coordinates"": [0.333333, 0.666667, 0.3712784], ""cartesian_coordinates"": [2.10139147, 1.2132411398107599, 2.754929401478192]}, {""element"": ""H"", ""fractional_coordinates"": [0.82483859, 0.17516141, 0.09138218], ""cartesian_coordinates"": [2.10139147, -2.364640517835685, 0.6780665248858333]}, {""element"": ""H"", ""fractional_coordinates"": [0.82483859, 0.64967718, 0.09138218], ""cartesian_coordinates"": [3.098534861458482, -0.6375378110821575, 0.6780665248858333]}, {""element"": ""H"", ""fractional_coordinates"": [0.35032282, 0.17516141, 0.09138218], ""cartesian_coordinates"": [1.1042480785415179, -0.6375378110821573, 0.6780665248858333]}, {""element"": ""H"", ""fractional_coordinates"": [0.17516141, 0.82483859, 0.59138218], ""cartesian_coordinates"": [2.10139147, 2.3646405178356855, 4.388125339885833]}, {""element"": ""H"", ""fractional_coordinates"": [0.17516141, 0.35032282, 0.59138218], ""cartesian_coordinates"": [1.1042480785415179, 0.6375378110821573, 4.388125339885833]}, {""element"": ""H"", ""fractional_coordinates"": [0.64967718, 0.82483859, 0.59138218], ""cartesian_coordinates"": [3.098534861458482, 0.6375378110821577, 4.388125339885833]}]}"
mp-2661453,Li2H2Pt,5,"[{""@module"": ""pymatgen.core.periodic_table"", ""@class"": ""Element"", ""element"": ""H""}, {""@module"": ""pymatgen.core.periodic_table"", ""@class"": ""Element"", ""element"": ""Li""}, {""@module"": ""pymatgen.core.periodic_table"", ""@class"": ""Element"", ""element"": ""Pt""}]","{""Li"": 2.0, ""H"": 2.0, ""Pt"": 1.0}",6.920425824399943,50.624580548057345,"{""crystal_system"": ""Tetragonal"", ""symbol"": ""I4/mmm"", ""hall"": ""-I 4 2"", ""number"": 139, ""point_group"": ""4/mmm"", ""symprec"": 0.1, ""angle_tolerance"": 5.0, ""version"": ""2.7.0""}",49.367,26.895,2.008,0.269,"{""lattice_matrix"": [[-1.56475734, 1.5981526, 5.06099844], [1.56475734, -1.5981526, 5.06099844], [1.56475734, 1.5981526, -5.06099844]], ""a"": 5.533196406748369, ""b"": 5.533196406748369, ""c"": 5.533196406748369, ""alpha"": 147.14588321823788, ""beta"": 146.424165622091, ""gamma"": 47.68476588007699, ""volume"": 50.624580548057345, ""atoms"": [{""element"": ""Li"", ""fractional_coordinates"": [0.6382411, 0.6382411, 0.0], ""cartesian_coordinates"": [-2.093852448277289e-17, 5.922285119254411e-17, 6.4602744228877675]}, {""element"": ""Li"", ""fractional_coordinates"": [0.3617589, 0.3617589, 0.0], ""cartesian_coordinates"": [2.093852448277289e-17, 5.179945126997154e-17, 3.6617224571122318]}, {""element"": ""H"", ""fractional_coordinates"": [0.83532058, 0.83532058, -0.0], ""cartesian_coordinates"": [1.571434441230508e-17, -1.638028886486609e-17, 8.45511230455979]}, {""element"": ""H"", ""fractional_coordinates"": [0.16467942, 0.16467942, 0.0], ""cartesian_coordinates"": [-3.633933851527616e-18, 5.2267829682222095e-18, 1.6668845754402095]}, {""element"": ""Pt"", ""fractional_coordinates"": [-0.0, -0.0, 0.0], ""cartesian_coordinates"": [0.0, 0.0, 0.0]}]}"
mp-2665147,MgNb2(PbO3)3,15,"[{""@module"": ""pymatgen.core.periodic_table"", ""@class"": ""Element"", ""element"": ""Mg""}, {""@module"": ""pymatgen.core.periodic_table"", ""@class"": ""Element"", ""element"": ""Nb""}, {""@module"": ""pymatgen.core.periodic_table"", ""@class"": ""Element"", ""element"": ""O""}, {""@module"": ""pymatgen.core.periodic_table"", ""@class"": ""Element"", ""element"": ""Pb""}]","{""Mg"": 1.0, ""Nb"": 2.0, ""Pb"": 3.0, ""O"": 9.0}",7.625554940901338,212.47089639572212,"{""crystal_system"": ""Monoclinic"", ""symbol"": ""Cm"", ""hall"": ""C -2y"", ""number"": 8, ""point_group"": ""m"", ""symprec"": 0.1, ""angle_tolerance"": 5.0, ""version"": ""2.7.0""}",76.292,44.811,2.382,0.254,"{""lattice_matrix"": [[4.28958572, 0.00477123, -0.01732536], [0.04681479, 5.74044161, 0.01023166], [0.05847958, 2.85430391, 8.63359286]], ""a"": 4.289623361317723, ""b"": 5.740641618255619, ""c"": 9.093371011025628, ""alpha"": 71.60162430558215, ""beta"": 89.83124078635784, ""gamma"": 89.4694370087197, ""volume"": 212.47089639572212, ""atoms"": [{""element"": ""Mg"", ""fractional_coordinates"": [0.46841776, 0.48380674, 0.00547202], ""cartesian_coordinates"": [2.0322874466554235, 2.7951180784450944, 0.044077832548772004]}, {""element"": ""Nb"", ""fractional_coordinates"": [0.45124503, 0.82713759, 0.34382603], ""cartesian_coordinates"": [1.994483311313395, 5.731672014444385, 2.9690989656912845]}, {""element"": ""Nb"", ""fractional_coordinates"": [0.45101506, 0.16569641, 0.66729503], ""cartesian_coordinates"": [1.9814479366093345, 2.8579852764289115, 5.755034957571905]}, {""element"": ""Pb"", ""fractional_coordinates"": [0.91844139, 0.63258643, 0.7171985], ""cartesian_coordinates"": [4.0112889391348805, 5.682810042602697, 6.182559930354433]}, {""element"": ""Pb"", ""fractional_coordinates"": [0.91958687, 0.34412904, 0.29316666], ""cartesian_coordinates"": [3.9779012977388004, 2.8166269648067455, 2.518670420325431]}, {""element"": ""Pb"", ""fractional_coordinates"": [0.90624499, 0.93776135, 0.00556005], ""cartesian_coordinates"": [3.9316418179846884, 5.403358249528208, 0.0418970425756376]}, {""element"": ""O"", ""fractional_coordinates"": [0.51695132, 0.33921465, 0.82068145], ""cartesian_coordinates"": [2.281380369321615, 4.29218265682758, 7.079943868298791]}, {""element"": ""O"", ""fractional_coordinates"": [0.53349182, 0.67248358, 0.17733321], ""cartesian_coordinates"": [2.3303114420258098, 4.369061011525954, 1.528660421204468]}, {""element"": ""O"", ""fractional_coordinates"": [0.52966478, 0.96816391, 0.51594604], ""cartesian_coordinates"": [2.3475391745290337, 7.032882346073592, 4.455197338047844]}, {""element"": ""O"", ""fractional_coordinates"": [0.53346029, 0.84470461, 0.83399417], ""cartesian_coordinates"": [2.3766399398842895, 7.231995573490484, 7.199766450193624]}, {""element"": ""O"", ""fractional_coordinates"": [0.53013897, 0.47867203, 0.49536428], ""cartesian_coordinates"": [2.3254541809322347, 4.164238454791336, 4.272486271864231]}, {""element"": ""O"", ""fractional_coordinates"": [0.51735544, 0.15389902, 0.19026911], ""cartesian_coordinates"": [2.2375721155305963, 1.4290026245674334, 1.6353173027755694]}, {""element"": ""O"", ""fractional_coordinates"": [0.01756444, 0.15874758, 0.67060955], ""cartesian_coordinates"": [0.121992870452494, 2.8254884783502057, 5.7910897637459975]}, {""element"": ""O"", ""fractional_coordinates"": [0.01776163, 0.82359141, 0.34052566], ""cartesian_coordinates"": [0.1346600908929003, 5.699826867217806, 2.9480788874748916]}, {""element"": ""O"", ""fractional_coordinates"": [0.9920802, 0.52181664, 0.00565726], ""cartesian_coordinates"": [4.2803726296236, 3.016338935196923, 0.036993383372114004]}]}"
mp-2672345,MgCu,4,"[{""@module"": ""pymatgen.core.periodic_table"", ""@class"": ""Element"", ""element"": ""Cu""}, {""@module"": ""pymatgen.core.periodic_table"", ""@class"": ""Element"", ""element"": ""Mg""}]","{""Mg"": 2.0, ""Cu"": 2.0}",4.642431321186466,62.84638701188511,"{""crystal_system"": ""Cubic"", ""symbol"": ""Pm-3m"", ""hall"": ""-P 4 2 3"", ""number"": 221, ""point_group"": ""4/mmm"", ""symprec"": 0.1, ""angle_tolerance"": 5.0, ""version"": ""2.7.0""}",80.417,43.487,1.191,0.271,"{""lattice_matrix"": [[3.18558148, 0.0, 0.0], [0.0, 4.44122183, -0.0], [0.0, -0.0, 4.44210819]], ""a"": 3.18558148, ""b"": 4.44122183, ""c"": 4.44210819, ""alpha"": 90.0, ""beta"": 90.0, ""gamma"": 90.0, ""volume"": 62.84638701188511, ""atoms"": [{""element"": ""Mg"", ""fractional_coordinates"": [0.5, 0.75, 0.25124247], ""cartesian_coordinates"": [1.59279074, 3.3309163725, 1.1160462336628292]}, {""element"": ""Mg"", ""fractional_coordinates"": [0.5, 0.25, 0.74875753], ""cartesian_coordinates"": [1.59279074, 1.1103054575, 3.3260619563371705]}, {""element"": ""Cu"", ""fractional_coordinates"": [0.0, 0.75, 0.75215292], ""cartesian_coordinates"": [0.0, 3.3309163725, 3.3411446460644147]}, {""element"": ""Cu"", ""fractional_coordinates"": [0.0, 0.25, 0.24784708], ""cartesian_coordinates"": [0.0, 1.1103054575, 1.1009635439355852]}]}"
mp-2675163,WN2,9,"[{""@module"": ""pymatgen.core.periodic_table"", ""@class"": ""Element"", ""element"": ""N""}, {""@module"": ""pymatgen.core.periodic_table"", ""@class"": ""Element"", ""element"": ""W""}]","{""W"": 3.0, ""N"": 6.0}",5.474361798787608,192.78458047554315,"{""crystal_system"": ""Hexagonal"", ""symbol"": ""P6_422"", ""hall"": ""P 64 2 (0 0 2)"", ""number"": 181, ""point_group"": ""622"", ""symprec"": 0.1, ""angle_tolerance"": 5.0, ""version"": ""2.7.0""}",100.955,24.65,0.168,0.387,"{""lattice_matrix"": [[2.93430499, -5.08236485, 0.0], [2.93430499, 5.08236485, -0.0], [-0.0, 0.0, 6.46355142]], ""a"": 5.868609566401092, ""b"": 5.868609566401092, ""c"": 6.46355142, ""alpha"": 90.0, ""beta"": 90.0, ""gamma"": 119.999995337314, ""volume"": 192.78458047554315, ""atoms"": [{""element"": ""W"", ""fractional_coordinates"": [1.0, 0.4980532, 0.666667], ""cartesian_coordinates"": [4.3957449800454675, -2.55107677288998, 4.30903643451714]}, {""element"": ""W"", ""fractional_coordinates"": [0.5019468, 0.5019468, -0.0], ""cartesian_coordinates"": [2.945729999909064, 1.2998076925228475e-16, 0.0]}, {""element"": ""W"", ""fractional_coordinates"": [0.4980532, 1.0, 0.333333], ""cartesian_coordinates"": [4.3957449800454675, 2.55107677288998, 2.15451498548286]}, {""element"": ""N"", ""fractional_coordinates"": [0.20833579, 0.78458156, 0.49739066], ""cartesian_coordinates"": [2.9135223347625763, 2.9286912464091848, 3.214910106737737]}, {""element"": ""N"", ""fractional_coordinates"": [0.21541844, 0.42375424, 0.83072366], ""cartesian_coordinates"": [1.875527584395673, 1.0588385469166302, 5.369425092220597]}, {""element"": ""N"", ""fractional_coordinates"": [0.57624576, 0.79166421, 0.16405666], ""cartesian_coordinates"": [4.01386505084175, 1.0948351583214821, 1.0603886577034571]}, {""element"": ""N"", ""fractional_coordinates"": [0.42375424, 0.21541844, 0.16927634], ""cartesian_coordinates"": [1.875527584395673, -1.0588385469166304, 1.0941263277794027]}, {""element"": ""N"", ""fractional_coordinates"": [0.79166421, 0.57624576, 0.83594334], ""cartesian_coordinates"": [4.01386505084175, -1.0948351583214824, 5.403162762296543]}, {""element"": ""N"", ""fractional_coordinates"": [0.78458156, 0.20833579, 0.50260934], ""cartesian_coordinates"": [2.9135223347625763, -2.9286912464091848, 3.248641313262263]}]}"
mp-2677258,PdSO4,12,"[{""@module"": ""pymatgen.core.periodic_table"", ""@class"": ""Element"", ""element"": ""O""}, {""@module"": ""pymatgen.core.periodic_table"", ""@class"": ""Element"", ""element"": ""Pd""}, {""@module"": ""pymatgen.core.periodic_table"", ""@class"": ""Element"", ""element"": ""S""}]","{""Pd"": 2.0, ""S"": 2.0, ""O"": 8.0}",3.6939339901857497,182.04454598799876,"{""crystal_system"": ""Monoclinic"", ""symbol"": ""C2/c"", ""hall"": ""-C 2yc"", ""number"": 15, ""point_group"": ""2/m"", ""symprec"": 0.1, ""angle_tolerance"": 5.0, ""version"": ""2.7.0""}",27.378,13.766,15.721,0.28500000000000003,"{""lattice_matrix"": [[3.18013348, 3.74262913, 0.1375574], [-3.18013348, 3.74262913, 0.1375574], [0.0, 1.16217649, 7.69032139]], ""a"": 4.913190795566179, ""b"": 4.913190795566179, ""c"": 7.777640855387979, ""alpha"": 81.86487340733595, ""beta"": 81.86487340733595, ""gamma"": 80.67133058212788, ""volume"": 182.04454598799876, ""atoms"": [{""element"": ""Pd"", ""fractional_coordinates"": [-0.0, 0.5, 0.5], ""cartesian_coordinates"": [-1.59006674, 2.45240281, 3.9139393950000003]}, {""element"": ""Pd"", ""fractional_coordinates"": [0.5, 0.0, 0.0], ""cartesian_coordinates"": [1.59006674, 1.871314565, 0.0687787]}, {""element"": ""S"", ""fractional_coordinates"": [0.07424208, 0.92575792, 0.75], ""cartesian_coordinates"": [-2.707934031534323, 4.6142614975, 5.9052984425]}, {""element"": ""S"", ""fractional_coordinates"": [0.92575792, 0.07424208, 0.25], ""cartesian_coordinates"": [2.707934031534323, 4.0331732525, 2.0601377475000002]}, {""element"": ""O"", ""fractional_coordinates"": [0.7757966, 0.88402459, 0.79046052], ""cartesian_coordinates"": [-0.34417945447210513, 7.130749768902439, 6.307216132267829]}, {""element"": ""O"", ""fractional_coordinates"": [0.11597541, 0.2242034, 0.70953948], ""cartesian_coordinates"": [-0.34417945447210513, 2.097773226097561, 5.503380752732172]}, {""element"": ""O"", ""fractional_coordinates"": [0.2242034, 0.11597541, 0.20953948], ""cartesian_coordinates"": [0.34417945447210513, 1.5166849810975607, 1.6582200577321713]}, {""element"": ""O"", ""fractional_coordinates"": [0.88402459, 0.7757966, 0.29046052], ""cartesian_coordinates"": [0.3441794544721055, 6.549661523902439, 2.462055437267829]}, {""element"": ""O"", ""fractional_coordinates"": [0.80759153, 0.22315971, 0.40511447], ""cartesian_coordinates"": [1.8585711975593335, 4.328534129400432, 3.2572479346606893]}, {""element"": ""O"", ""fractional_coordinates"": [0.77684129, 0.19240847, 0.09488553], ""cartesian_coordinates"": [1.8585743776928134, 3.737816118228699, 0.8630276978967107]}, {""element"": ""O"", ""fractional_coordinates"": [0.19240847, 0.77684129, 0.59488553], ""cartesian_coordinates"": [-1.8585743776928136, 4.3189043632286985, 4.7081883928967105]}, {""element"": ""O"", ""fractional_coordinates"": [0.22315871, 0.80759153, 0.90511447], ""cartesian_coordinates"": [-1.8585743776928132, 4.909618631771301, 7.102408492103289]}]}"
mp-2679737,Tl2CS3,12,"[{""@module"": ""pymatgen.core.periodic_table"", ""@class"": ""Element"", ""element"": ""C""}, {""@module"": ""pymatgen.core.periodic_table"", ""@class"": ""Element"", ""element"": ""S""}, {""@module"": ""pymatgen.core.periodic_table"", ""@class"": ""Element"", ""element"": ""Tl""}]","{""Tl"": 4.0, ""C"": 2.0, ""S"": 6.0}",4.6446039477121195,369.6559325030479,"{""crystal_system"": ""Monoclinic"", ""symbol"": ""C2/c"", ""hall"": ""-C 2yc"", ""number"": 15, ""point_group"": ""2/m"", ""symprec"": 0.1, ""angle_tolerance"": 5.0, ""version"": ""2.7.0""}",7.347,3.907,4.02,0.274,"{""lattice_matrix"": [[4.36511221, 4.95528006, 0.11857825], [-4.36511221, 4.95528006, 0.11857825], [-0.0, 3.99049719, 8.64033392]], ""a"": 6.6047759901678535, ""b"": 6.6047759901678535, ""c"": 9.517323051809287, ""alpha"": 70.67824714519944, ""beta"": 70.67824714519944, ""gamma"": 82.73746045343893, ""volume"": 369.6559325030479, ""atoms"": [{""element"": ""Tl"", ""fractional_coordinates"": [0.6147847, 0.10405571, 0.62370447], ""cartesian_coordinates"": [2.229389350249968, 6.050946484920663, 5.474253726043704]}, {""element"": ""Tl"", ""fractional_coordinates"": [0.3852153, 0.89594429, 0.37629553], ""cartesian_coordinates"": [-2.229389350249968, 7.850110825079335, 3.403236693956295]}, {""element"": ""Tl"", ""fractional_coordinates"": [0.10405571, 0.6147847, 0.12370447], ""cartesian_coordinates"": [-2.229389350249968, 4.055697889920664, 1.1540867660437049]}, {""element"": ""Tl"", ""fractional_coordinates"": [0.89594429, 0.3852153, 0.87629553], ""cartesian_coordinates"": [2.2293893502499684, 9.845359420079337, 7.723403653956296]}, {""element"": ""C"", ""fractional_coordinates"": [0.91662957, 0.08337043, 0.25], ""cartesian_coordinates"": [3.6372696461080993, 5.9529043575, 2.27866173]}, {""element"": ""C"", ""fractional_coordinates"": [0.08337043, 0.91662957, 0.75], ""cartesian_coordinates"": [-3.6372696461080998, 7.9481529525, 6.5988286899999995]}, {""element"": ""S"", ""fractional_coordinates"": [0.15344497, 0.12476852, 0.09854911], ""cartesian_coordinates"": [0.12517592203445463, 1.7718857059520101, 0.8844872866894037]}, {""element"": ""S"", ""fractional_coordinates"": [0.7190223, 0.2809777, 0.25], ""cartesian_coordinates"": [1.9121138319845663, 5.9529043575, 2.27866173]}, {""element"": ""S"", ""fractional_coordinates"": [0.84655503, 0.87523148, 0.90145089], ""cartesian_coordinates"": [-0.12517592203445427, 12.12917160404799, 7.993003133310596]}, {""element"": ""S"", ""fractional_coordinates"": [0.87523148, 0.84655503, 0.40145089], ""cartesian_coordinates"": [0.12517592203445424, 10.13392300904799, 3.6728361733105963]}, {""element"": ""S"", ""fractional_coordinates"": [0.12476852, 0.15344497, 0.59854911], ""cartesian_coordinates"": [-0.12517592203445457, 3.7671343009520104, 5.204654246689404]}, {""element"": ""S"", ""fractional_coordinates"": [0.2809777, 0.7190223, 0.75], ""cartesian_coordinates"": [-1.9121138319845663, 7.9481529525, 6.5988286899999995]}]}"
mp-2679804,WN2,12,"[{""@module"": ""pymatgen.core.periodic_table"", ""@class"": ""Element"", ""element"": ""N""}, {""@module"": ""pymatgen.core.periodic_table"", ""@class"": ""Element"", ""element"": ""W""}]","{""W"": 4.0, ""N"": 8.0}",4.448037375688519,316.35601760570364,"{""crystal_system"": ""Cubic"", ""symbol"": ""Fd-3m"", ""hall"": ""F 4d 2 3 -1d"", ""number"": 227, ""point_group"": ""4/mmm"", ""symprec"": 0.1, ""angle_tolerance"": 5.0, ""version"": ""2.7.0""}",121.564,25.475,0.253,0.402,"{""lattice_matrix"": [[6.07032239, 0.0, 0.0], [0.0, 6.07081975, 0.0], [0.0, 0.0, 8.58453953]], ""a"": 6.07032239, ""b"": 6.07081975, ""c"": 8.58453953, ""alpha"": 90.0, ""beta"": 90.0, ""gamma"": 90.0, ""volume"": 316.35601760570364, ""atoms"": [{""element"": ""W"", ""fractional_coordinates"": [0.00217943, 0.37500015, 0.12500031], ""cartesian_coordinates"": [0.0132298427264377, 2.276558316872962, 1.0730701024572544]}, {""element"": ""W"", ""fractional_coordinates"": [0.49782057, 0.87500015, 0.62500031], ""cartesian_coordinates"": [3.0219313522735627, 5.311968191872962, 5.365339867457255]}, {""element"": ""W"", ""fractional_coordinates"": [0.50217943, 0.37500015, 0.37499969], ""cartesian_coordinates"": [3.0483910377264376, 2.276558316872962, 3.219199662542746]}, {""element"": ""W"", ""fractional_coordinates"": [0.99782057, 0.87500015, 0.87499969], ""cartesian_coordinates"": [6.057092547273562, 5.311968191872962, 7.511469427542746]}, {""element"": ""N"", ""fractional_coordinates"": [0.99988269, 0.12431194, 0.00068975], ""cartesian_coordinates"": [6.069610280480429, 0.754675380512815, 0.005921186140817501]}, {""element"": ""N"", ""fractional_coordinates"": [0.2457911, 0.87568791, 0.74802563], ""cartesian_coordinates"": [1.492031217592729, 5.3161434588642225, 6.421455590188154]}, {""element"": ""N"", ""fractional_coordinates"": [0.2542089, 0.37568791, 0.24802563], ""cartesian_coordinates"": [1.543129977407271, 2.2807335838642224, 2.129185825188154]}, {""element"": ""N"", ""fractional_coordinates"": [0.50011731, 0.62431194, 0.50068975], ""cartesian_coordinates"": [3.0358733045195714, 3.7900852555128153, 4.2981909511408185]}, {""element"": ""N"", ""fractional_coordinates"": [0.7457911, 0.87568791, 0.75197437], ""cartesian_coordinates"": [4.527192412592729, 5.3161434588642225, 6.455353704811847]}, {""element"": ""N"", ""fractional_coordinates"": [0.49988269, 0.12431194, 0.49931025], ""cartesian_coordinates"": [3.0344490854804294, 0.754675380512815, 4.286348578859183]}, {""element"": ""N"", ""fractional_coordinates"": [0.00011731, 0.62431194, 0.99931025], ""cartesian_coordinates"": [0.0007121095195709, 3.7900852555128153, 8.578618343859183]}, {""element"": ""N"", ""fractional_coordinates"": [0.7542089, 0.37568791, 0.25197437], ""cartesian_coordinates"": [4.578291172407271, 2.2807335838642224, 2.1630839398118464]}]}"
mp-2695837,CsTlF3,5,"[{""@module"": ""pymatgen.core.periodic_table"", ""@class"": ""Element"", ""element"": ""Cs""}, {""@module"": ""pymatgen.core.periodic_table"", ""@class"": ""Element"", ""element"": ""F""}, {""@module"": ""pymatgen.core.periodic_table"", ""@class"": ""Element"", ""element"": ""Tl""}]","{""Cs"": 1.0, ""Tl"": 1.0, ""F"": 3.0}",5.9584927602135895,109.88079513850573,"{""crystal_system"": ""Cubic"", ""symbol"": ""Pm-3m"", ""hall"": ""-P 4 2 3"", ""number"": 221, ""point_group"": ""m-3m"", ""symprec"": 0.1, ""angle_tolerance"": 5.0, ""version"": ""2.7.0""}",285.83,22.971,-3.5300000000000002,0.461,"{""lattice_matrix"": [[3.3866972, -3.3869438, 0.00320134], [3.3866972, 3.3869438, 0.00320134], [-0.00501803, 0.0, 4.78968562]], ""a"": 4.78968855745591, ""b"": 4.78968855745591, ""c"": 4.789688248629536, ""alpha"": 90.0041487121, ""beta"": 90.0041487121, ""gamma"": 90.00414620259184, ""volume"": 109.88079513850573, ""atoms"": [{""element"": ""Cs"", ""fractional_coordinates"": [0.0472283, 0.0472283, 0.0472283], ""cartesian_coordinates"": [0.319658909715271, 1.1824645503111242e-18, 0.22651109705889003]}, {""element"": ""Tl"", ""fractional_coordinates"": [0.54688796, 0.54688796, 0.54688796], ""cartesian_coordinates"": [3.7015435455015044, 5.556031137001582e-17, 2.622922946366868]}, {""element"": ""F"", ""fractional_coordinates"": [0.04687885, 0.54650495, 0.54650495], ""cartesian_coordinates"": [2.0068688757511115, 1.69220552171318, 2.619486523568111]}, {""element"": ""F"", ""fractional_coordinates"": [0.54650495, 0.54650495, 0.04687885], ""cartesian_coordinates"": [3.7014583284266145, -3.5660844792175795e-17, 0.228034050040403]}, {""element"": ""F"", ""fractional_coordinates"": [0.54650495, 0.04687885, 0.54650495], ""cartesian_coordinates"": [2.0068688757511115, -1.69220552171318, 2.619486523568111]}]}"
mp-2695851,CdHgO2,4,"[{""@module"": ""pymatgen.core.periodic_table"", ""@class"": ""Element"", ""element"": ""Cd""}, {""@module"": ""pymatgen.core.periodic_table"", ""@class"": ""Element"", ""element"": ""Hg""}, {""@module"": ""pymatgen.core.periodic_table"", ""@class"": ""Element"", ""element"": ""O""}]","{""Cd"": 1.0, ""Hg"": 1.0, ""O"": 2.0}",8.216295873634063,69.72553757563249,"{""crystal_system"": ""Trigonal"", ""symbol"": ""R-3m"", ""hall"": ""-R 3 2\"""", ""number"": 166, ""point_group"": ""-3m"", ""symprec"": 0.1, ""angle_tolerance"": 5.0, ""version"": ""2.7.0""}",77.064,16.08,6.893,0.402,"{""lattice_matrix"": [[1.787216, 3.09764466, 0.11762953], [-1.787216, 3.09764466, 0.11762953], [0.0, 1.77733871, 6.36477576]], ""a"": 3.5781811268590826, ""b"": 3.5781811268590826, ""c"": 6.6082753699545576, ""alpha"": 74.6627890719745, ""beta"": 74.6627890719745, ""gamma"": 59.93069189546059, ""volume"": 69.72553757563247, ""atoms"": [{""element"": ""Cd"", ""fractional_coordinates"": [0.0, -0.0, -0.0], ""cartesian_coordinates"": [0.0, 0.0, 0.0]}, {""element"": ""Hg"", ""fractional_coordinates"": [0.5, 0.5, 0.5], ""cartesian_coordinates"": [0.0, 3.9863140149999996, 3.3000174099999997]}, {""element"": ""O"", ""fractional_coordinates"": [0.39198012, 0.39198012, 0.81975877], ""cartesian_coordinates"": [-3.9715392135803996e-17, 3.885419245871305, 5.309797622913302]}, {""element"": ""O"", ""fractional_coordinates"": [0.60801988, 0.60801988, 0.18024123], ""cartesian_coordinates"": [-8.311879513030363e-17, 4.087208784128694, 1.2902371970866975]}]}"
mp-2717324,CaCO3,15,"[{""@module"": ""pymatgen.core.periodic_table"", ""@class"": ""Element"", ""element"": ""C""}, {""@module"": ""pymatgen.core.periodic_table"", ""@class"": ""Element"", ""element"": ""Ca""}, {""@module"": ""pymatgen.core.periodic_table"", ""@class"": ""Element"", ""element"": ""O""}]","{""Ca"": 3.0, ""C"": 3.0, ""O"": 9.0}",2.6857016987822253,185.64780423579597,"{""crystal_system"": ""Trigonal"", ""symbol"": ""P321"", ""hall"": ""P 3 2\"""", ""number"": 150, ""point_group"": ""32"", ""symprec"": 0.1, ""angle_tolerance"": 5.0, ""version"": ""2.7.0""}",75.372,30.213,1.479,0.323,"{""lattice_matrix"": [[2.4935705951982623, 4.3206943786081835, -0.0201463874426848], [-2.4935705951982623, 4.3206943786081835, -0.0201463874426848], [0.0, 0.0721628839793861, 8.615245227097297]], ""a"": 4.988657144312562, ""b"": 4.988657144312562, ""c"": 8.615547446613418, ""alpha"": 89.81573115074677, ""beta"": 89.81573115074677, ""gamma"": 59.97989646866935, ""volume"": 185.64780423579597, ""atoms"": [{""element"": ""Ca"", ""fractional_coordinates"": [0.3478856388394931, 0.3208589404827507, 0.3347389298607197], ""cartesian_coordinates"": [0.06739298030766598, 2.9135966711612364, 2.870385180411001]}, {""element"": ""Ca"", ""fractional_coordinates"": [0.0155501088191912, 0.9844498911808017, 0.0], ""cartesian_coordinates"": [-2.416020006990908, 4.320694378608153, -0.020146387442684658]}, {""element"": ""Ca"", ""fractional_coordinates"": [0.6791410595172422, 0.6521143611604998, 0.6652610701392803], ""cartesian_coordinates"": [0.06739298030766622, 5.799954970034456, 5.704567271800927]}, {""element"": ""C"", ""fractional_coordinates"": [0.6842919545910391, 0.6524116418233277, 0.1707307057023399], ""cartesian_coordinates"": [0.07949581048328881, 5.787808135000213, 1.443957148871643]}, {""element"": ""C"", ""fractional_coordinates"": [0.3475883581766723, 0.3157080454089538, 0.82926929429766], ""cartesian_coordinates"": [0.0794958104833065, 2.925743506195509, 7.130995303340284]}, {""element"": ""C"", ""fractional_coordinates"": [0.0152064369019485, 0.9847935630980515, 0.5], ""cartesian_coordinates"": [-2.4177339473653894, 4.356775820597877, 4.287476226105964]}, {""element"": ""O"", ""fractional_coordinates"": [0.608948567582928, 0.0592995200644069, 0.8309882839956373], ""cartesian_coordinates"": [1.3705887025709167, 2.947262266939715, 7.145705062585611]}, {""element"": ""O"", ""fractional_coordinates"": [0.0916249643910874, 0.3101882154182647, 0.8271087822582146], ""cartesian_coordinates"": [-0.5450028959523057, 1.7957985023453777, 7.1176499046403245]}, {""element"": ""O"", ""fractional_coordinates"": [0.342430768326885, 0.5770149468620502, 0.8300972310958059], ""cartesian_coordinates"": [-0.5849522096940274, 4.032546143231389, 7.132967698614111]}, {""element"": ""O"", ""fractional_coordinates"": [0.4229850531379427, 0.657569231673115, 0.1699027689041941], ""cartesian_coordinates"": [-0.584952209694045, 4.681005497964333, 1.4419847535978165]}, {""element"": ""O"", ""fractional_coordinates"": [0.0154190294377088, 0.7260020946365628, 0.5013048406404721], ""cartesian_coordinates"": [-1.771889036825712, 3.239629686022509, 4.303927178424807]}, {""element"": ""O"", ""fractional_coordinates"": [0.2739979053634372, 0.9845809705622912, 0.4986951593595279], ""cartesian_coordinates"": [-1.7718890368257119, 5.473921955173244, 4.271025273787121]}, {""element"": ""O"", ""fractional_coordinates"": [0.6898117845817353, 0.9083750356089126, 0.1728912177417783], ""cartesian_coordinates"": [-0.5450028959523059, 6.917753138850375, 1.4573025475715418]}, {""element"": ""O"", ""fractional_coordinates"": [0.9407004799355931, 0.391051432417072, 0.1690117160043627], ""cartesian_coordinates"": [1.3705887025709165, 5.766289374256038, 1.4292473896263165]}, {""element"": ""O"", ""fractional_coordinates"": [0.7564168903970625, 0.2435831096029304, 0.5], ""cartesian_coordinates"": [1.2787872360125991, 4.3567758205978455, 4.287476226105964]}]}"
mp-2717767,Er(CuTe)3,28,"[{""@module"": ""pymatgen.core.periodic_table"", ""@class"": ""Element"", ""element"": ""Cu""}, {""@module"": ""pymatgen.core.periodic_table"", ""@class"": ""Element"", ""element"": ""Er""}, {""@module"": ""pymatgen.core.periodic_table"", ""@class"": ""Element"", ""element"": ""Te""}]","{""Er"": 4.0, ""Cu"": 12.0, ""Te"": 12.0}",7.38634067151808,666.0707169787497,"{""crystal_system"": ""Orthorhombic"", ""symbol"": ""Pnnm"", ""hall"": ""-P 2 2n"", ""number"": 58, ""point_group"": ""mmm"", ""symprec"": 0.1, ""angle_tolerance"": 5.0, ""version"": ""2.7.0""}",53.642,29.57,0.152,0.267,"{""lattice_matrix"": [[6.91657004, 0.0, 0.0], [0.0, 7.57151435, 0.0], [0.0, 0.0, 12.71881973]], ""a"": 6.91657004, ""b"": 7.57151435, ""c"": 12.71881973, ""alpha"": 90.0, ""beta"": 90.0, ""gamma"": 90.0, ""volume"": 666.0707169787497, ""atoms"": [{""element"": ""Er"", ""fractional_coordinates"": [0.24474103, 0.74939322, 0.83771367], ""cartesian_coordinates"": [1.6927684756567412, 5.6740415190227065, 10.65472915408671]}, {""element"": ""Er"", ""fractional_coordinates"": [0.74474103, 0.25060678, 0.33771367], ""cartesian_coordinates"": [5.1510534956567415, 1.8974728309772928, 4.295319289086709]}, {""element"": ""Er"", ""fractional_coordinates"": [0.74474103, 0.25060678, 0.66228633], ""cartesian_coordinates"": [5.1510534956567415, 1.8974728309772928, 8.42350044091329]}, {""element"": ""Er"", ""fractional_coordinates"": [0.24474103, 0.74939322, 0.16228633], ""cartesian_coordinates"": [1.6927684756567412, 5.6740415190227065, 2.064090575913291]}, {""element"": ""Cu"", ""fractional_coordinates"": [0.36415426, 0.1180877, 0.8263131], ""cartesian_coordinates"": [2.5186984446543703, 0.894102715108495, 10.509727359437463]}, {""element"": ""Cu"", ""fractional_coordinates"": [0.62104029, 0.62128396, 0.0], ""cartesian_coordinates"": [4.295468663446912, 4.704060418564826, 0.0]}, {""element"": ""Cu"", ""fractional_coordinates"": [0.86415426, 0.8819123, 0.6736869], ""cartesian_coordinates"": [5.97698346465437, 6.677411634891505, 8.568502235562537]}, {""element"": ""Cu"", ""fractional_coordinates"": [0.62150146, 0.61898785, 0.67382015], ""cartesian_coordinates"": [4.298658378052258, 4.686675388750648, 8.570197018291559]}, {""element"": ""Cu"", ""fractional_coordinates"": [0.87014949, 0.87845629, 0.0], ""cartesian_coordinates"": [6.018449892855279, 6.651244405582762, 0.0]}, {""element"": ""Cu"", ""fractional_coordinates"": [0.12104029, 0.37871604, 0.5], ""cartesian_coordinates"": [0.8371836434469115, 2.8674539314351737, 6.359409865]}, {""element"": ""Cu"", ""fractional_coordinates"": [0.62150146, 0.61898785, 0.32617985], ""cartesian_coordinates"": [4.298658378052258, 4.686675388750648, 4.14862271170844]}, {""element"": ""Cu"", ""fractional_coordinates"": [0.37014949, 0.12154371, 0.5], ""cartesian_coordinates"": [2.56016487285528, 0.9202699444172385, 6.359409865]}, {""element"": ""Cu"", ""fractional_coordinates"": [0.86415426, 0.8819123, 0.3263131], ""cartesian_coordinates"": [5.97698346465437, 6.677411634891505, 4.150317494437464]}, {""element"": ""Cu"", ""fractional_coordinates"": [0.36415426, 0.1180877, 0.1736869], ""cartesian_coordinates"": [2.5186984446543703, 0.894102715108495, 2.209092370562537]}, {""element"": ""Cu"", ""fractional_coordinates"": [0.12150146, 0.38101215, 0.82617985], ""cartesian_coordinates"": [0.8403733580522584, 2.8848389612493524, 10.508032576708441]}, {""element"": ""Cu"", ""fractional_coordinates"": [0.12150146, 0.38101215, 0.17382015], ""cartesian_coordinates"": [0.8403733580522584, 2.8848389612493524, 2.2107871532915597]}, {""element"": ""Te"", ""fractional_coordinates"": [0.00803053, 0.56733756, 0.33699856], ""cartesian_coordinates"": [0.055543723203321196, 4.2956044768339865, 4.2862239339095884]}, {""element"": ""Te"", ""fractional_coordinates"": [0.50803053, 0.43266244, 0.16300144], ""cartesian_coordinates"": [3.513828743203321, 3.275909873166014, 2.073185931090411]}, {""element"": ""Te"", ""fractional_coordinates"": [0.98018934, 0.0658953, 0.16324739], ""cartesian_coordinates"": [6.779548222571374, 0.49892720954755504, 2.0763141248030044]}, {""element"": ""Te"", ""fractional_coordinates"": [0.00803053, 0.56733756, 0.66300144], ""cartesian_coordinates"": [0.055543723203321196, 4.2956044768339865, 8.432595796090412]}, {""element"": ""Te"", ""fractional_coordinates"": [0.99717308, 0.55214096, 0.0], ""cartesian_coordinates"": [6.897017449822523, 4.180543201862776, 0.0]}, {""element"": ""Te"", ""fractional_coordinates"": [0.50803053, 0.43266244, 0.83699856], ""cartesian_coordinates"": [3.513828743203321, 3.275909873166014, 10.645633798909587]}, {""element"": ""Te"", ""fractional_coordinates"": [0.48018934, 0.9341047, 0.33675261], ""cartesian_coordinates"": [3.3212632025713735, 7.072587140452446, 4.283095740196996]}, {""element"": ""Te"", ""fractional_coordinates"": [0.48018934, 0.9341047, 0.66324739], ""cartesian_coordinates"": [3.3212632025713735, 7.072587140452446, 8.435723989803005]}, {""element"": ""Te"", ""fractional_coordinates"": [0.99240489, 0.05360468, 0.5], ""cartesian_coordinates"": [6.864037929723495, 0.405868603847158, 6.359409865]}, {""element"": ""Te"", ""fractional_coordinates"": [0.49240489, 0.94639532, 0.0], ""cartesian_coordinates"": [3.4057529097234953, 7.165645746152842, 0.0]}, {""element"": ""Te"", ""fractional_coordinates"": [0.98018934, 0.0658953, 0.83675261], ""cartesian_coordinates"": [6.779548222571374, 0.49892720954755504, 10.642505605196995]}, {""element"": ""Te"", ""fractional_coordinates"": [0.49717308, 0.44785904, 0.5], ""cartesian_coordinates"": [3.4387324298225233, 3.390971148137224, 6.359409865]}]}"
mp-2719342,Ca2SiO4,28,"[{""@module"": ""pymatgen.core.periodic_table"", ""@class"": ""Element"", ""element"": ""Ca""}, {""@module"": ""pymatgen.core.periodic_table"", ""@class"": ""Element"", ""element"": ""O""}, {""@module"": ""pymatgen.core.periodic_table"", ""@class"": ""Element"", ""element"": ""Si""}]","{""Ca"": 8.0, ""Si"": 4.0, ""O"": 16.0}",3.0524766950424507,374.79041882302226,"{""crystal_system"": ""Orthorhombic"", ""symbol"": ""Pnma"", ""hall"": ""-P 2ac 2n"", ""number"": 62, ""point_group"": ""mmm"", ""symprec"": 0.1, ""angle_tolerance"": 5.0, ""version"": ""2.7.0""}",99.117,45.967,0.111,0.299,"{""lattice_matrix"": [[5.40065854, 0.0, 0.0], [0.0, 7.05688314, -0.12841082], [0.0, 0.18718373, 9.8305629]], ""a"": 5.40065854, ""b"": 7.058051359285319, ""c"": 9.832344821029881, ""alpha"": 89.95163258684151, ""beta"": 90.0, ""gamma"": 90.0, ""volume"": 374.7904188230222, ""atoms"": [{""element"": ""Ca"", ""fractional_coordinates"": [0.99041047, 0.75066703, 0.15442182], ""cartesian_coordinates"": [5.348868762910914, 5.326274760021863, 1.4216596457732134]}, {""element"": ""Ca"", ""fractional_coordinates"": [0.00958953, 0.24933297, 0.84557818], ""cartesian_coordinates"": [0.051789777089086206, 1.9177921099781372, 8.280492434226787]}, {""element"": ""Ca"", ""fractional_coordinates"": [0.0, 0.5, 0.5], ""cartesian_coordinates"": [0.0, 3.622033435, 4.851076040000001]}, {""element"": ""Ca"", ""fractional_coordinates"": [0.0, -0.0, 0.5], ""cartesian_coordinates"": [0.0, 0.093591865, 4.91528145]}, {""element"": ""Ca"", ""fractional_coordinates"": [0.49041047, 0.24933297, 0.34557818], ""cartesian_coordinates"": [2.648539492910914, 1.8242002449781372, 3.365210984226787]}, {""element"": ""Ca"", ""fractional_coordinates"": [0.50958953, 0.75066703, 0.65442182], ""cartesian_coordinates"": [2.752119047089086, 5.419866625021863, 6.336941095773214]}, {""element"": ""Ca"", ""fractional_coordinates"": [0.5, 0.5, 0.0], ""cartesian_coordinates"": [2.70032927, 3.52844157, -0.06420541]}, {""element"": ""Ca"", ""fractional_coordinates"": [0.5, -0.0, 0.0], ""cartesian_coordinates"": [2.70032927, 0.0, 0.0]}, {""element"": ""Si"", ""fractional_coordinates"": [0.99015641, 0.25052404, 0.17857332], ""cartesian_coordinates"": [5.347496671602242, 1.8013448941567693, 1.7233062571157154]}, {""element"": ""Si"", ""fractional_coordinates"": [0.00984359, 0.74947596, 0.82142668], ""cartesian_coordinates"": [0.0531618683977586, 5.442721975843232, 7.978845822884285]}, {""element"": ""Si"", ""fractional_coordinates"": [0.50984359, 0.25052404, 0.67857332], ""cartesian_coordinates"": [2.753491138397759, 1.8949367591567694, 6.6385877071157156]}, {""element"": ""Si"", ""fractional_coordinates"": [0.49015641, 0.74947596, 0.32142668], ""cartesian_coordinates"": [2.6471674016022413, 5.349130110843231, 3.063564372884285]}, {""element"": ""O"", ""fractional_coordinates"": [0.94666767, 0.24990353, 0.34664158], ""cartesian_coordinates"": [5.112628836527402, 1.828425671400978, 3.3755915387371878]}, {""element"": ""O"", ""fractional_coordinates"": [0.05333233, 0.75009647, 0.65335842], ""cartesian_coordinates"": [0.2880297034725982, 5.4156411985990225, 6.326560541262813]}, {""element"": ""O"", ""fractional_coordinates"": [0.1452533, 0.55917611, 0.88130116], ""cartesian_coordinates"": [0.784463475108182, 4.111005701331912, 8.591882224413455]}, {""element"": ""O"", ""fractional_coordinates"": [0.14569851, 0.93922448, 0.88181428], ""cartesian_coordinates"": [0.7868679022967755, 6.793058683684932, 8.548124160017338]}, {""element"": ""O"", ""fractional_coordinates"": [0.28791479, 0.24997337, 0.13490707], ""cartesian_coordinates"": [1.5549294694058065, 1.789285268767953, 1.2941131518698394]}, {""element"": ""O"", ""fractional_coordinates"": [0.35430149, 0.93922448, 0.38181428], ""cartesian_coordinates"": [1.9134613677032246, 6.699466818684932, 3.6328427100173384]}, {""element"": ""O"", ""fractional_coordinates"": [0.21208521, 0.24997337, 0.63490707], ""cartesian_coordinates"": [1.1453998005941934, 1.882877133767953, 6.20939460186984]}, {""element"": ""O"", ""fractional_coordinates"": [0.3547467, 0.55917611, 0.38130116], ""cartesian_coordinates"": [1.9158657948918183, 4.0174138363319125, 3.6766007744134535]}, {""element"": ""O"", ""fractional_coordinates"": [0.44666767, 0.75009647, 0.15335842], ""cartesian_coordinates"": [2.412299566527402, 5.322049333599023, 1.4112790912628126]}, {""element"": ""O"", ""fractional_coordinates"": [0.55333233, 0.24990353, 0.84664158], ""cartesian_coordinates"": [2.9883589734725984, 1.9220175364009777, 8.290872988737188]}, {""element"": ""O"", ""fractional_coordinates"": [0.6452533, 0.44082389, 0.61869884], ""cartesian_coordinates"": [3.4847927451081824, 3.2266530336680876, 6.025551305586546]}, {""element"": ""O"", ""fractional_coordinates"": [0.78791479, 0.75002663, 0.36509293], ""cartesian_coordinates"": [4.255258739405806, 5.361189736232047, 3.4927574781301605]}, {""element"": ""O"", ""fractional_coordinates"": [0.64569851, 0.06077552, 0.61818572], ""cartesian_coordinates"": [3.4871971722967756, 0.5446000513150684, 6.069309369982662]}, {""element"": ""O"", ""fractional_coordinates"": [0.71208521, 0.75002663, 0.86509293], ""cartesian_coordinates"": [3.8457290705941936, 5.454781601232047, 8.40803892813016]}, {""element"": ""O"", ""fractional_coordinates"": [0.85430149, 0.06077552, 0.11818572], ""cartesian_coordinates"": [4.613790637703225, 0.4510081863150684, 1.1540279199826615]}, {""element"": ""O"", ""fractional_coordinates"": [0.8547467, 0.44082389, 0.11869884], ""cartesian_coordinates"": [4.616195064891818, 3.1330611686680876, 1.1102698555865462]}]}"
mp-2720358,NaClO3,20,"[{""@module"": ""pymatgen.core.periodic_table"", ""@class"": ""Element"", ""element"": ""Cl""}, {""@module"": ""pymatgen.core.periodic_table"", ""@class"": ""Element"", ""element"": ""Na""}, {""@module"": ""pymatgen.core.periodic_table"", ""@class"": ""Element"", ""element"": ""O""}]","{""Na"": 4.0, ""Cl"": 4.0, ""O"": 12.0}",2.5757206261379952,274.48534010952795,"{""crystal_system"": ""Cubic"", ""symbol"": ""P2_13"", ""hall"": ""P 2ac 2ab 3"", ""number"": 198, ""point_group"": ""23"", ""symprec"": 0.1, ""angle_tolerance"": 5.0, ""version"": ""2.7.0""}",25.827,14.452,0.058,0.264,"{""lattice_matrix"": [[6.498897959986341, 0.0, 0.0], [0.0, 6.498897959986341, 0.0], [0.0, 0.0, 6.498897959986341]], ""a"": 6.498897959986341, ""b"": 6.498897959986341, ""c"": 6.498897959986341, ""alpha"": 90.0, ""beta"": 90.0, ""gamma"": 90.0, ""volume"": 274.48534010952795, ""atoms"": [{""element"": ""Na"", ""fractional_coordinates"": [0.0674787266368, 0.0674787266368, 0.0674787266368], ""cartesian_coordinates"": [0.4385373588823755, 0.4385373588823755, 0.4385373588823755]}, {""element"": ""Na"", ""fractional_coordinates"": [0.4325212733632, 0.9325212733632, 0.5674787266368], ""cartesian_coordinates"": [2.8109116211107947, 6.060360601103965, 3.687986338875546]}, {""element"": ""Na"", ""fractional_coordinates"": [0.5674787266368, 0.4325212733632, 0.9325212733632], ""cartesian_coordinates"": [3.687986338875546, 2.8109116211107947, 6.060360601103965]}, {""element"": ""Na"", ""fractional_coordinates"": [0.9325212733632, 0.5674787266368, 0.4325212733632], ""cartesian_coordinates"": [6.060360601103965, 3.687986338875546, 2.8109116211107947]}, {""element"": ""Cl"", ""fractional_coordinates"": [0.4161905393785901, 0.4161905393785901, 0.4161905393785901], ""cartesian_coordinates"": [2.7047798473331337, 2.7047798473331337, 2.7047798473331337]}, {""element"": ""Cl"", ""fractional_coordinates"": [0.0838094606214099, 0.5838094606214099, 0.9161905393785901], ""cartesian_coordinates"": [0.5446691326600364, 3.794118112653207, 5.954228827326304]}, {""element"": ""Cl"", ""fractional_coordinates"": [0.9161905393785901, 0.0838094606214099, 0.5838094606214099], ""cartesian_coordinates"": [5.954228827326304, 0.5446691326600364, 3.794118112653207]}, {""element"": ""Cl"", ""fractional_coordinates"": [0.5838094606214099, 0.9161905393785901, 0.0838094606214099], ""cartesian_coordinates"": [3.794118112653207, 5.954228827326304, 0.5446691326600364]}, {""element"": ""O"", ""fractional_coordinates"": [0.198781053182465, 0.4050076525555255, 0.0027140452620102], ""cartesian_coordinates"": [1.291857781011458, 2.6321034069719613, 0.017638303216588682]}, {""element"": ""O"", ""fractional_coordinates"": [0.698781053182465, 0.0949923474444745, 0.9972859547379898], ""cartesian_coordinates"": [4.541306761004628, 0.6173455730212091, 6.481259656769752]}, {""element"": ""O"", ""fractional_coordinates"": [0.801218946817535, 0.9050076525555255, 0.4972859547379898], ""cartesian_coordinates"": [5.207040178974883, 5.881552386965132, 3.2318106767765817]}, {""element"": ""O"", ""fractional_coordinates"": [0.0949923474444745, 0.9972859547379898, 0.698781053182465], ""cartesian_coordinates"": [0.6173455730212091, 6.481259656769752, 4.541306761004628]}, {""element"": ""O"", ""fractional_coordinates"": [0.4972859547379898, 0.801218946817535, 0.9050076525555255], ""cartesian_coordinates"": [3.2318106767765817, 5.207040178974883, 5.881552386965132]}, {""element"": ""O"", ""fractional_coordinates"": [0.9972859547379898, 0.698781053182465, 0.0949923474444745], ""cartesian_coordinates"": [6.481259656769752, 4.541306761004628, 0.6173455730212091]}, {""element"": ""O"", ""fractional_coordinates"": [0.4050076525555255, 0.0027140452620102, 0.198781053182465], ""cartesian_coordinates"": [2.6321034069719613, 0.017638303216588682, 1.291857781011458]}, {""element"": ""O"", ""fractional_coordinates"": [0.0027140452620102, 0.198781053182465, 0.4050076525555255], ""cartesian_coordinates"": [0.017638303216588682, 1.291857781011458, 2.6321034069719613]}, {""element"": ""O"", ""fractional_coordinates"": [0.301218946817535, 0.5949923474444745, 0.5027140452620102], ""cartesian_coordinates"": [1.9575911989817123, 3.8667945530143792, 3.2670872832097593]}, {""element"": ""O"", ""fractional_coordinates"": [0.5027140452620102, 0.301218946817535, 0.5949923474444745], ""cartesian_coordinates"": [3.2670872832097593, 1.9575911989817123, 3.8667945530143792]}, {""element"": ""O"", ""fractional_coordinates"": [0.5949923474444745, 0.5027140452620102, 0.301218946817535], ""cartesian_coordinates"": [3.8667945530143792, 3.2670872832097593, 1.9575911989817123]}, {""element"": ""O"", ""fractional_coordinates"": [0.9050076525555255, 0.4972859547379898, 0.801218946817535], ""cartesian_coordinates"": [5.881552386965132, 3.2318106767765817, 5.207040178974883]}]}"
mp-2724101,Li2HfO3,6,"[{""@module"": ""pymatgen.core.periodic_table"", ""@class"": ""Element"", ""element"": ""Hf""}, {""@module"": ""pymatgen.core.periodic_table"", ""@class"": ""Element"", ""element"": ""Li""}, {""@module"": ""pymatgen.core.periodic_table"", ""@class"": ""Element"", ""element"": ""O""}]","{""Li"": 2.0, ""Hf"": 1.0, ""O"": 3.0}",6.157419284213596,64.82327898758504,"{""crystal_system"": ""Orthorhombic"", ""symbol"": ""Cmmm"", ""hall"": ""-C 2 2"", ""number"": 65, ""point_group"": ""mmm"", ""symprec"": 0.1, ""angle_tolerance"": 5.0, ""version"": ""2.7.0""}",124.693,45.772,27.838,0.336,"{""lattice_matrix"": [[2.09637432, 4.79961037, -0.44984519], [-2.09637432, 4.79961037, -0.44984519], [0.0, 0.36816057, 3.18675703]], ""a"": 5.256748585231477, ""b"": 5.256748585231477, ""c"": 3.2079530192253665, ""alpha"": 88.86688108838386, ""beta"": 88.86688108838386, ""gamma"": 47.005959704254835, ""volume"": 64.82327898758504, ""atoms"": [{""element"": ""Li"", ""fractional_coordinates"": [0.34331172, 0.34331172, 0.50719207], ""cartesian_coordinates"": [-1.1834340327459361e-17, 3.4822531044997524, 1.3074236428074983]}, {""element"": ""Li"", ""fractional_coordinates"": [0.65668828, 0.65668828, 0.49280793], ""cartesian_coordinates"": [1.1834340327459361e-17, 6.4851282055002475, 0.9796430071925015]}, {""element"": ""Hf"", ""fractional_coordinates"": [-0.0, -0.0, -0.0], ""cartesian_coordinates"": [0.0, 0.0, 0.0]}, {""element"": ""O"", ""fractional_coordinates"": [0.14024229, 0.14024229, 0.49066989], ""cartesian_coordinates"": [2.6125623574830568e-17, 1.5268620051773318, 1.4374710821846564]}, {""element"": ""O"", ""fractional_coordinates"": [0.5, 0.5, -0.0], ""cartesian_coordinates"": [0.0, 4.79961037, -0.44984519]}, {""element"": ""O"", ""fractional_coordinates"": [0.85975771, 0.85975771, 0.50933011], ""cartesian_coordinates"": [-8.16367748060884e-17, 8.440519304822669, 0.8495955678153433]}]}"
mp-2724538,LiCuS,6,"[{""@module"": ""pymatgen.core.periodic_table"", ""@class"": ""Element"", ""element"": ""Cu""}, {""@module"": ""pymatgen.core.periodic_table"", ""@class"": ""Element"", ""element"": ""Li""}, {""@module"": ""pymatgen.core.periodic_table"", ""@class"": ""Element"", ""element"": ""S""}]","{""Li"": 2.0, ""Cu"": 2.0, ""S"": 2.0}",3.5727316078211886,95.32851682622486,"{""crystal_system"": ""Orthorhombic"", ""symbol"": ""Pmn2_1"", ""hall"": ""P 2ac -2"", ""number"": 31, ""point_group"": ""mm2"", ""symprec"": 0.1, ""angle_tolerance"": 5.0, ""version"": ""2.7.0""}",25.653,20.946,2.035,0.179,"{""lattice_matrix"": [[3.93732315, 0.0, 0.0], [0.0, 4.23862431, 0.0], [0.0, 0.0, 5.7121138]], ""a"": 3.93732315, ""b"": 4.23862431, ""c"": 5.7121138, ""alpha"": 90.0, ""beta"": 90.0, ""gamma"": 90.0, ""volume"": 95.32851682622486, ""atoms"": [{""element"": ""Li"", ""fractional_coordinates"": [-0.0, 0.69801662, 0.92293859], ""cartesian_coordinates"": [0.0, 2.958630214316032, 5.271930256491542]}, {""element"": ""Li"", ""fractional_coordinates"": [0.5, 0.30198338, 0.42293859], ""cartesian_coordinates"": [1.968661575, 1.2799940956839677, 2.415873356491542]}, {""element"": ""Cu"", ""fractional_coordinates"": [0.0, 0.8652669, 0.38883033], ""cartesian_coordinates"": [0.0, 3.6675413169783386, 2.221043093851554]}, {""element"": ""Cu"", ""fractional_coordinates"": [0.5, 0.1347331, 0.88883033], ""cartesian_coordinates"": [1.968661575, 0.5710829930216609, 5.077099993851554]}, {""element"": ""S"", ""fractional_coordinates"": [-0.0, 0.21383145, 0.69601008], ""cartesian_coordinates"": [0.0, 0.9063511822125494, 3.975688782907104]}, {""element"": ""S"", ""fractional_coordinates"": [0.5, 0.78616855, 0.19601008], ""cartesian_coordinates"": [1.968661575, 3.33227312778745, 1.119631882907104]}]}"
mp-2725306,NaCu3O4,8,"[{""@module"": ""pymatgen.core.periodic_table"", ""@class"": ""Element"", ""element"": ""Cu""}, {""@module"": ""pymatgen.core.periodic_table"", ""@class"": ""Element"", ""element"": ""Na""}, {""@module"": ""pymatgen.core.periodic_table"", ""@class"": ""Element"", ""element"": ""O""}]","{""Na"": 1.0, ""Cu"": 3.0, ""O"": 4.0}",4.32060674063261,106.69977618589813,"{""crystal_system"": ""Triclinic"", ""symbol"": ""P-1"", ""hall"": ""-P 1"", ""number"": 2, ""point_group"": ""-1"", ""symprec"": 0.1, ""angle_tolerance"": 5.0, ""version"": ""2.7.0""}",45.84,20.876,13.942,0.302,"{""lattice_matrix"": [[0.09401594, 5.43408208, -0.05925616], [-5.27366252, 2.61711273, 0.29948107], [-0.20070572, -0.04602825, 3.7044087]], ""a"": 5.435218334312721, ""b"": 5.894954141269391, ""c"": 3.71012738359136, ""alpha"": 84.62855627531496, ""beta"": 91.38810956367922, ""gamma"": 64.66963463558653, ""volume"": 106.69977618589813, ""atoms"": [{""element"": ""Na"", ""fractional_coordinates"": [0.00102997, 0.9989183, 0.49808689], ""cartesian_coordinates"": [-5.367830053534406, 2.5969526727852545, 2.1442134979314087]}, {""element"": ""Cu"", ""fractional_coordinates"": [0.2456727, 0.51609232, 0.02764316], ""cartesian_coordinates"": [-2.704147715351884, 2.6844050308631795, 0.24240382179304243]}, {""element"": ""Cu"", ""fractional_coordinates"": [0.75689294, 0.47867389, 0.96401129], ""cartesian_coordinates"": [-2.6466871318097183, 5.321390140111192, 3.669595009176975]}, {""element"": ""Cu"", ""fractional_coordinates"": [0.50160022, 0.99707962, 0.99653566], ""cartesian_coordinates"": [-5.411113412408311, 5.289337740659226, 3.9604589373446806]}, {""element"": ""O"", ""fractional_coordinates"": [0.39720302, 0.74128719, 0.88550523], ""cartesian_coordinates"": [-4.049681019913896, 4.057707698536063, 3.478738033040391]}, {""element"": ""O"", ""fractional_coordinates"": [0.87270503, 0.74016888, 0.93625312], ""cartesian_coordinates"": [-4.009264053740046, 6.636362070176064, 3.638217622402761]}, {""element"": ""O"", ""fractional_coordinates"": [0.13002538, 0.25442399, 0.05404121], ""cartesian_coordinates"": [-1.3403681818900188, 1.3699374281254006, 0.2686810925200555]}, {""element"": ""O"", ""fractional_coordinates"": [0.60536773, 0.25349081, 0.10674044], ""cartesian_coordinates"": [-1.3013341845431419, 3.9481188835348595, 0.43545414652407793]}]}"
mp-2771569,CdS,2,"[{""@module"": ""pymatgen.core.periodic_table"", ""@class"": ""Element"", ""element"": ""Cd""}, {""@module"": ""pymatgen.core.periodic_table"", ""@class"": ""Element"", ""element"": ""S""}]","{""Cd"": 1.0, ""S"": 1.0}",2.628549601695623,91.27012188262536,"{""crystal_system"": ""Hexagonal"", ""symbol"": ""P-6m2"", ""hall"": ""P -6 2"", ""number"": 187, ""point_group"": ""-6m2"", ""symprec"": 0.1, ""angle_tolerance"": 5.0, ""version"": ""2.7.0""}",14.2,4.464,40.103,0.358,"{""lattice_matrix"": [[2.13058492, -3.69028104, 0.0], [2.13058492, 3.69028104, 0.0], [0.0, 0.0, 5.80417294]], ""a"": 4.26116958774406, ""b"": 4.26116958774406, ""c"": 5.80417294, ""alpha"": 90.0, ""beta"": 90.0, ""gamma"": 119.99999608344177, ""volume"": 91.27012188262536, ""atoms"": [{""element"": ""Cd"", ""fractional_coordinates"": [0.0, 0.0, 0.44269192], ""cartesian_coordinates"": [0.0, 0.0, 2.5694604628206448]}, {""element"": ""S"", ""fractional_coordinates"": [0.666667, 0.333333, 0.43430808], ""cartesian_coordinates"": [2.13058492, -1.2300961401873602, 2.520799205559355]}]}"
